/italia/icdp/,1398,776,00:00:43,603,"32,50%","22,96%","0,00 €"
/italia/icdp/icdp-pnd-digitalizzazione-docs/it/consultazione/index.html,1046,405,00:00:28,254,"9,45%","14,53%","0,00 €"
/italia/icdp/icdp-pnd-docs/it/consultazione/index.html,774,317,00:00:25,124,"9,68%","11,63%","0,00 €"
/italia/icdp/icdp-pnd-digitalizzazione-docs/it/giugno-2022/index.html,721,327,00:00:39,158,"12,66%","11,65%","0,00 €"
/italia/icdp/icdp-pnd-docs/it/giugno-2022/index.html,636,308,00:00:37,150,"18,00%","14,94%","0,00 €"
/italia/icdp/icdp-pnd-docs/it/consultazione/visione/valori.html,431,212,00:02:16,136,"20,59%","16,94%","0,00 €"
/italia/icdp/icdp-pnd-circolazione-riuso-docs/it/giugno-2022/index.html,409,177,00:00:43,76,"17,11%","11,74%","0,00 €"
/italia/icdp/icdp-pnd-docs/it/consultazione/visione/obiettivi.html,381,176,00:02:00,64,"21,88%","15,49%","0,00 €"
/italia/icdp/icdp-pnd-circolazione-riuso-docs/it/consultazione/index.html,364,167,00:00:40,78,"28,21%","15,11%","0,00 €"
/italia/icdp/icdp-pnd-servizi-docs/it/giugno-2022/index.html,328,153,00:00:30,46,"10,87%","13,11%","0,00 €"
/italia/icdp/icdp-pnd-docs/it/consultazione/linee-guida-per-i-processi-di-digitalizzazione.html,327,150,00:00:52,87,"13,79%","16,21%","0,00 €"
/italia/icdp/icdp-pnd-docs/it/consultazione/linee-guida-per-i-processi-di-digitalizzazione/linee-guida-per-la-digitalizzazione-del-patrimonio-culturale.html,317,125,00:00:24,6,"33,33%","9,46%","0,00 €"
/italia/icdp/icdp-pnd-dmp-docs/it/giugno-2022/index.html,267,119,00:00:19,23,"21,74%","8,99%","0,00 €"
/italia/icdp/icdp-pnd-docs/it/consultazione/strategie-2022-2026/tecnologie.html,248,116,00:02:16,20,"10,00%","14,92%","0,00 €"
/italia/icdp/icdp-pnd-servizi-docs/it/consultazione/index.html,242,102,00:00:48,34,"14,71%","14,46%","0,00 €"
/italia/icdp/icdp-pnd-digitalizzazione-docs/it/consultazione/i.-il-progetto-di-digitalizzazione/a.-perché-scopi-e-obiettivi-della-digitalizzazione.html,237,111,00:01:14,4,"25,00%","8,44%","0,00 €"
/italia/icdp/icdp-pnd-docs/it/consultazione/visione/opportunita.html,233,111,00:01:53,27,"18,52%","13,30%","0,00 €"
/italia/icdp/icdp-pnd-docs/it/consultazione/strategie-2022-2026/processi.html,217,102,00:02:15,24,"20,83%","17,51%","0,00 €"
/italia/icdp/icdp-pnd-maturita-docs/it/consultazione/index.html,206,85,00:00:16,13,"0,00%","6,31%","0,00 €"
/italia/icdp/icdp-pnd-digitalizzazione-docs/it/consultazione/i.-il-progetto-di-digitalizzazione.html,189,83,00:00:49,5,"0,00%","6,35%","0,00 €"
/italia/icdp/icdp-pnd-docs/it/consultazione/linee-guida-per-i-processi-di-digitalizzazione/linee-guida-per-la-redazione-del-piano-di-gestione-dei-dati.html,178,83,00:00:34,2,"50,00%","6,74%","0,00 €"
/italia/icdp/icdp-pnd-digitalizzazione-docs/it/consultazione/i.-il-progetto-di-digitalizzazione/c.-chi-enti-coinvolti-e-team-di-progetto.html,173,85,00:01:12,7,"14,29%","9,83%","0,00 €"
/italia/icdp/icdp-pnd-docs/it/consultazione/strategie-2022-2026/persone.html,170,87,00:01:00,29,"13,79%","21,18%","0,00 €"
/italia/icdp/icdp-pnd-docs/it/consultazione/scopo-del-piano-e-destinatari.html,169,75,00:01:00,4,"0,00%","5,92%","0,00 €"
/italia/icdp/icdp-pnd-dmp-docs/it/consultazione/index.html,168,79,00:00:15,29,"34,48%","12,50%","0,00 €"
/italia/icdp/icdp-pnd-maturita-docs/it/giugno-2022/index.html,162,84,00:00:30,20,"20,00%","20,99%","0,00 €"
/italia/icdp/icdp-pnd-docs/it/consultazione/linee-guida-per-i-processi-di-digitalizzazione/linee-guida-per-lacquisizione-la-circolazione-e-il-riuso-delle-riproduzioni-dei-beni-culturali-in-ambiente-digitale.html,161,66,00:00:24,5,"20,00%","8,07%","0,00 €"
/italia/icdp/icdp-pnd-docs/it/consultazione/strategie-2022-2026.html,152,70,00:02:02,10,"0,00%","10,53%","0,00 €"
/italia/icdp/icdp-pnd-digitalizzazione-docs/it/consultazione/i.-il-progetto-di-digitalizzazione/d.-come.html,150,78,00:01:25,17,"23,53%","20,67%","0,00 €"
/italia/icdp/icdp-pnd-digitalizzazione-docs/it/giugno-2022/il-progetto-di-digitalizzazione/perche-scopi-e-obiettivi-della-digitalizzazione.html,148,74,00:00:59,12,"0,00%","23,65%","0,00 €"
/italia/icdp/icdp-pnd-digitalizzazione-docs/it/consultazione/i.-il-progetto-di-digitalizzazione/b.-che-cosa-selezione-e-trattamento-del-bene.html,143,68,00:01:07,4,"0,00%","7,69%","0,00 €"
/italia/icdp/icdp-pnd-digitalizzazione-docs/it/giugno2022/index.html,135,51,00:00:27,25,"12,00%","12,59%","0,00 €"
/italia/icdp/icdp-pnd-docs/it/consultazione/struttura-del-documento.html,134,65,00:00:24,2,"50,00%","3,73%","0,00 €"
/italia/icdp/icdp-pnd-docs/it/consultazione/contesto-di-riferimento.html,130,58,00:01:08,3,"0,00%","5,38%","0,00 €"
/italia/icdp/icdp-pnd-docs/it/consultazione/introduzione.html,130,60,00:01:09,4,"0,00%","6,15%","0,00 €"
/italia/icdp/icdp-pnd-digitalizzazione-docs/it/consultazione/crediti.html,125,56,00:00:06,2,"50,00%","4,00%","0,00 €"
/italia/icdp/icdp-pnd-digitalizzazione-docs/it/consultazione/premessa.html,125,68,00:00:48,4,"25,00%","10,40%","0,00 €"
/italia/icdp/icdp-pnd-digitalizzazione-docs/it/giugno-2022/premessa.html,121,58,00:00:34,4,"0,00%","10,74%","0,00 €"
/italia/icdp/icdp-pnd-docs/it/giugno-2022/introduzione.html,114,56,00:00:55,5,"20,00%","10,53%","0,00 €"
/italia/icdp/icdp-pnd-digitalizzazione-docs/it/consultazione/iv.-metadati/b.-metadati-descrittivi.html,107,49,00:01:00,3,"0,00%","7,48%","0,00 €"
/italia/icdp/icdp-pnd-docs/it/consultazione/visione.html,106,48,00:01:12,3,"0,00%","7,55%","0,00 €"
/italia/icdp/icdp-pnd-docs/it/giugno2022/index.html,106,44,00:00:25,26,"0,00%","7,55%","0,00 €"
/italia/icdp/icdp-pnd-docs/it/consultazione/linee-guida-per-i-processi-di-digitalizzazione/linee-guida-per-la-classificazione-di-prodotti-e-servizi-digitali-processi-e-modelli-di-gestione.html,105,47,00:00:27,1,"0,00%","7,62%","0,00 €"
/italia/icdp/icdp-pnd-digitalizzazione-docs/it/consultazione/ii.-formati/a.-file-immagine.html,101,48,00:00:46,1,"100,00%","3,96%","0,00 €"
/italia/icdp/icdp-pnd-digitalizzazione-docs/it/consultazione/i.-il-progetto-di-digitalizzazione/e.-quando.html,99,49,00:00:43,4,"0,00%","7,07%","0,00 €"
/italia/icdp/icdp-pnd-digitalizzazione-docs/it/giugno-2022/il-progetto-di-digitalizzazione/come.html,96,53,00:01:29,4,"75,00%","22,92%","0,00 €"
/italia/icdp/icdp-pnd-docs/it/consultazione/parole-chiave.html,95,58,00:01:18,11,"81,82%","33,68%","0,00 €"
/italia/icdp/icdp-pnd-docs/it/giugno-2022/scopo-del-piano-e-destinatari.html,95,49,00:01:37,2,"0,00%","16,84%","0,00 €"
/italia/icdp/icdp-pnd-digitalizzazione-docs/it/giugno-2022/il-progetto-di-digitalizzazione/chi-enti-coinvolti-e-team-di-progetto.html,94,54,00:01:50,5,"20,00%","14,89%","0,00 €"
/italia/icdp/icdp-pnd-digitalizzazione-docs/it/giugno-2022/il-progetto-di-digitalizzazione.html,92,47,00:00:29,5,"0,00%","8,70%","0,00 €"
/italia/icdp/icdp-pnd-circolazione-riuso-docs/it/consultazione/acquisizione-circolazione-e-riuso-delle-riproduzioni-dei-beni-culturali-in-ambiente-digitale/modalità-di-acquisizione-delle-riproduzioni.html,91,42,00:01:39,5,"60,00%","15,38%","0,00 €"
/italia/icdp/icdp-pnd-docs/it/giugno-2022/contesto-di-riferimento.html,87,40,00:01:39,2,"0,00%","9,20%","0,00 €"
/italia/icdp/icdp-pnd-digitalizzazione-docs/it/giugno-2022/formati/file-immagine.html,85,37,00:01:28,10,"60,00%","20,00%","0,00 €"
/italia/icdp/icdp-pnd-docs/it/consultazione/linee-guida-per-i-processi-di-digitalizzazione/introduzione-alla-metodologia-per-la-valutazione-della-maturità-digitale-degli-istituti-culturali.html,84,46,00:00:47,4,"50,00%","11,90%","0,00 €"
/italia/icdp/icdp-pnd-docs/it/consultazione/crediti.html,83,45,00:00:22,1,"0,00%","3,61%","0,00 €"
/italia/icdp/icdp-pnd-circolazione-riuso-docs/it/giugno-2022/acquisizione-circolazione-e-riuso-delle-riproduzioni-dei-beni-culturali-in-ambiente-digitale/modalita-di-acquisizione-delle-riproduzioni.html,78,30,00:01:34,2,"0,00%","15,38%","0,00 €"
/italia/icdp/icdp-pnd-digitalizzazione-docs/it/bozza/index.html,78,25,00:00:13,1,"100,00%","6,41%","0,00 €"
/italia/icdp/icdp-pnd-docs/it/bozza/index.html,75,27,00:00:22,4,"0,00%","9,33%","0,00 €"
/italia/icdp/icdp-pnd-circolazione-riuso-docs/it/consultazione/contesto-normativo/tipologie-di-beni-culturali-in-relazione-alla-tipologia-di-riproduzione.html,71,37,00:01:11,5,"20,00%","14,08%","0,00 €"
/italia/icdp/icdp-pnd-digitalizzazione-docs/it/consultazione/i.-il-progetto-di-digitalizzazione/f.-dove.html,65,33,00:00:18,0,"0,00%","1,54%","0,00 €"
/italia/icdp/icdp-pnd-digitalizzazione-docs/it/consultazione/riferimenti-bibliografici/linee-guida-nazionali.html,65,33,00:01:00,0,"0,00%","24,62%","0,00 €"
/italia/icdp/icdp-pnd-circolazione-riuso-docs/it/giugno2022/index.html,64,31,00:00:18,11,"18,18%","9,38%","0,00 €"
/italia/icdp/icdp-pnd-digitalizzazione-docs/it/consultazione/iv.-metadati/c.-metadati-tecnici.html,64,30,00:01:02,1,"0,00%","6,25%","0,00 €"
/italia/icdp/icdp-pnd-docs/it/giugno-2022/visione/obiettivi.html,62,28,00:02:12,3,"0,00%","6,45%","0,00 €"
/italia/icdp/icdp-pnd-digitalizzazione-docs/it/consultazione/ii.-formati.html,61,30,00:00:46,0,"0,00%","1,64%","0,00 €"
/italia/icdp/icdp-pnd-docs/it/giugno-2022/strategia/tecnologie_abilitanti.html,60,28,00:01:32,4,"0,00%","21,67%","0,00 €"
/italia/icdp/icdp-pnd-docs/it/consultazione/riferimenti-normativi-essenziali.html,59,32,00:01:25,0,"0,00%","15,25%","0,00 €"
/italia/icdp/icdp-pnd-docs/it/giugno-2022/visione/valori.html,59,29,00:01:37,0,"0,00%","15,25%","0,00 €"
/italia/icdp/icdp-pnd-digitalizzazione-docs/it/consultazione/viii.-il-capitolato.html,56,27,00:00:26,1,"0,00%","7,14%","0,00 €"
/italia/icdp/icdp-pnd-docs/it/giugno-2022/struttura-del-documento.html,56,27,00:00:36,1,"0,00%","5,36%","0,00 €"
/italia/icdp/icdp-pnd-digitalizzazione-docs/it/consultazione/v.-diritti.html,55,28,00:00:19,5,"60,00%","16,36%","0,00 €"
/italia/icdp/icdp-pnd-circolazione-riuso-docs/it/consultazione/acquisizione-circolazione-e-riuso-delle-riproduzioni-dei-beni-culturali-in-ambiente-digitale/tipologie-duso-delle-riproduzioni-di-beni-culturali.html,54,26,00:01:30,1,"100,00%","16,67%","0,00 €"
/italia/icdp/icdp-pnd-docs/it/giugno-2022/strategia/processi.html,54,26,00:01:22,7,"0,00%","12,96%","0,00 €"
/italia/icdp/icdp-pnd-digitalizzazione-docs/it/consultazione/iii.-ocr.html,53,26,00:00:14,0,"0,00%","1,89%","0,00 €"
/italia/icdp/icdp-pnd-digitalizzazione-docs/it/giugno-2022/il-progetto-di-digitalizzazione/che-cosa-selezione-e-trattamento-del-bene.html,52,26,00:01:15,4,"0,00%","7,69%","0,00 €"
/italia/icdp/icdp-pnd-digitalizzazione-docs/it/consultazione/vii.-voci-di-costo/a.-schema.html,51,21,00:00:36,0,"0,00%","1,96%","0,00 €"
/italia/icdp/icdp-pnd-dmp-docs/it/giugno2022/index.html,51,16,00:00:23,2,"0,00%","7,84%","0,00 €"
/italia/icdp/icdp-pnd-digitalizzazione-docs/it/consultazione/iv.-metadati/a.-indicazioni-generali.html,50,26,00:00:57,0,"0,00%","2,00%","0,00 €"
/italia/icdp/icdp-pnd-digitalizzazione-docs/it/consultazione/vii.-voci-di-costo/b.-esempio-di-schema-di-voci-di-costo.html,50,23,00:01:04,1,"0,00%","6,00%","0,00 €"
/italia/icdp/icdp-pnd-maturita-docs/it/consultazione/applicazione-di-tali-modelli-al-patrimonio-culturale-pubblico.html,50,13,00:00:13,0,"0,00%","4,00%","0,00 €"
/italia/icdp/icdp-pnd-docs/it/giugno-2022/visione/index.html,49,24,00:00:36,2,"50,00%","12,24%","0,00 €"
/italia/icdp/icdp-pnd-servizi-docs/it/giugno-2022/introduzione.html,49,22,00:00:28,0,"0,00%","4,08%","0,00 €"
/italia/icdp/icdp-pnd-digitalizzazione-docs/it/consultazione/iv.-metadati/d.-metadati-dei-diritti.html,47,23,00:00:21,1,"0,00%","12,77%","0,00 €"
/italia/icdp/icdp-pnd-docs/it/consultazione/bibliografia.html,47,26,00:01:33,3,"33,33%","6,38%","0,00 €"
/italia/icdp/icdp-pnd-docs/it/giugno2022/strategia/tecnologie_abilitanti.html,47,19,00:02:04,7,"0,00%","25,53%","0,00 €"
/italia/icdp/icdp-pnd-servizi-docs/it/giugno-2022/la-relazione-tra-prodottiservizi-digitali-processi-e-modelli-di-gestione.html,47,22,00:00:39,2,"0,00%","10,64%","0,00 €"
/italia/icdp/icdp-pnd-circolazione-riuso-docs/it/consultazione/introduzione.html,46,21,00:01:03,1,"0,00%","10,87%","0,00 €"
/italia/icdp/icdp-pnd-maturita-docs/it/consultazione/introduzione-al-tema-e-metodologie-impiegate/cenni-ai-principali-modelli-di-maturity-assessment-utilizzati-in-ambito-aziendale.html,46,14,00:00:18,1,"0,00%","0,00%","0,00 €"
/italia/icdp/icdp-pnd-digitalizzazione-docs/it/consultazione/iv.-metadati.html,45,24,00:00:08,0,"0,00%","0,00%","0,00 €"
/italia/icdp/icdp-pnd-digitalizzazione-docs/it/consultazione/vi.-nomenclatura-degli-oggetti-digitali/c.-esempi-di-nomenclatura.html,44,19,00:00:53,0,"0,00%","4,55%","0,00 €"
/italia/icdp/icdp-pnd-maturita-docs/it/consultazione/applicazione-di-tali-modelli-al-patrimonio-culturale-pubblico/i-modelli-di-maturity-assessment-applicati-al-settore-culturale-in-europa.html,44,14,00:00:37,0,"0,00%","9,09%","0,00 €"
/italia/icdp/icdp-pnd-maturita-docs/it/consultazione/applicazione-di-tali-modelli-al-patrimonio-culturale-pubblico/uno-studio-condotto-sui-musei-italiani.html,44,16,00:01:15,0,"0,00%","0,00%","0,00 €"
/docs/icdp-pnd-docs/it/bozza/,43,16,00:01:40,9,"0,00%","11,63%","0,00 €"
/italia/icdp/icdp-pnd-digitalizzazione-docs/it/giugno-2022/appendici/parametri-di-acquisizione-digitale.html,43,18,00:01:13,5,"40,00%","18,60%","0,00 €"
/italia/icdp/icdp-pnd-digitalizzazione-docs/it/giugno-2022/il-progetto-di-digitalizzazione/quando.html,43,21,00:01:16,1,"0,00%","4,65%","0,00 €"
/italia/icdp/icdp-pnd-docs/it/giugno-2022/linee-guida/acquisizione-circolazione-riuso.html,43,15,00:00:11,1,"0,00%","2,33%","0,00 €"
/italia/icdp/icdp-pnd-servizi-docs/it/consultazione/la-definizione-di-prodotti-e-servizi-digitali/servizi-digitali-per-la-creazione-di-contenuti.html,43,16,00:00:57,1,"0,00%","2,33%","0,00 €"
/italia/icdp/icdp-pnd-circolazione-riuso-docs/it/giugno-2022/contesto-normativo/la-direttiva-20191024-psi-e-il-d.lgs.-2002021-di-recepimento.html,42,11,00:01:52,2,"0,00%","2,38%","0,00 €"
/italia/icdp/icdp-pnd-digitalizzazione-docs/it/consultazione/x.-supporti.html,42,23,00:00:15,3,"0,00%","9,52%","0,00 €"
/italia/icdp/icdp-pnd-maturita-docs/it/consultazione/introduzione-al-tema-e-metodologie-impiegate.html,42,17,00:00:09,2,"0,00%","7,14%","0,00 €"
/italia/icdp/icdp-pnd-digitalizzazione-docs/it/consultazione/ii.-formati/b.-file-video.html,41,21,00:00:06,0,"0,00%","0,00%","0,00 €"
/italia/icdp/icdp-pnd-digitalizzazione-docs/it/consultazione/vi.-nomenclatura-degli-oggetti-digitali/a.-indicazioni-generali-1.html,41,21,00:00:20,0,"0,00%","4,88%","0,00 €"
/italia/icdp/icdp-pnd-docs/it/giugno-2022/linee-guida/digitalizzazione-del-patrimonio-culturale.html,41,19,00:00:10,1,"0,00%","12,20%","0,00 €"
/italia/icdp/icdp-pnd-servizi-docs/it/consultazione/la-relazione-tra-prodottiservizi-digitali-processi-e-modelli-di-gestione.html,41,18,00:00:58,1,"0,00%","2,44%","0,00 €"
/italia/icdp/icdp-pnd-servizi-docs/it/consultazione/lanalisi-dei-processi-end-to-end/processo-1-i-luoghi-della-cultura-mettono-a-disposizione-degli-utenti-contenuti-digitali-per-la-consultazione-e-la-navigazione.html,41,20,00:00:25,1,"0,00%","7,32%","0,00 €"
/italia/icdp/icdp-pnd-circolazione-riuso-docs/it/giugno-2022/acquisizione-circolazione-e-riuso-delle-riproduzioni-dei-beni-culturali-in-ambiente-digitale/tipologie-duso-delle-riproduzioni-di-beni-culturali.html,40,15,00:02:11,3,"33,33%","7,50%","0,00 €"
/italia/icdp/icdp-pnd-circolazione-riuso-docs/it/giugno-2022/contesto-normativo/tipologie-di-beni-culturali-in-relazione-alla-tipologia-di-riproduzione.html,40,18,00:02:35,0,"0,00%","10,00%","0,00 €"
/italia/icdp/icdp-pnd-docs/it/giugno-2022/strategia/index.html,40,18,00:02:06,5,"0,00%","15,00%","0,00 €"
/italia/icdp/icdp-pnd-digitalizzazione-docs/it/consultazione/riferimenti-bibliografici/linee-guida-internazionali.html,39,17,00:00:09,1,"0,00%","5,13%","0,00 €"
/italia/icdp/icdp-pnd-docs/it/giugno-2022/visione/opportunita.html,39,20,00:00:37,2,"50,00%","20,51%","0,00 €"
/italia/icdp/icdp-pnd-servizi-docs/it/consultazione/la-definizione-di-prodotti-e-servizi-digitali/prodotti-e-servizi-a-valore-aggiunto.html,38,14,00:01:03,1,"0,00%","2,63%","0,00 €"
/italia/icdp/icdp-pnd-servizi-docs/it/giugno2022/index.html,38,15,00:00:10,5,"0,00%","7,89%","0,00 €"
/italia/icdp/icdp-pnd-digitalizzazione-docs/it/giugno-2022/formati.html,37,15,00:01:21,0,"0,00%","5,41%","0,00 €"
/italia/icdp/icdp-pnd-servizi-docs/it/consultazione/lanalisi-dei-processi-end-to-end/processo-2-i-luoghi-della-cultura-mettono-a-disposizione-degli-utenti-contenuti-digitali-per-creare-nuovi-e-ulteriori-contenuti-user-generated-content.html,37,14,00:00:24,0,"0,00%","0,00%","0,00 €"
/italia/icdp/icdp-pnd-circolazione-riuso-docs/it/consultazione/contesto-normativo/il-codice-dei-beni-culturali-e-del-paesaggio.html,36,19,00:01:46,1,"100,00%","8,33%","0,00 €"
/italia/icdp/icdp-pnd-digitalizzazione-docs/it/giugno-2022/metadati/metadati-descrittivi.html,36,18,00:00:40,1,"100,00%","8,33%","0,00 €"
/italia/icdp/icdp-pnd-servizi-docs/it/consultazione/la-definizione-di-prodotti-e-servizi-digitali.html,36,14,00:01:14,0,"0,00%","11,11%","0,00 €"
/italia/icdp/icdp-pnd-circolazione-riuso-docs/it/consultazione/acquisizione-circolazione-e-riuso-delle-riproduzioni-dei-beni-culturali-in-ambiente-digitale.html,35,19,00:00:18,1,"0,00%","2,86%","0,00 €"
/italia/icdp/icdp-pnd-digitalizzazione-docs/it/consultazione/ii.-formati/e.-immagini-gigapixel.html,35,19,00:00:09,1,"0,00%","2,86%","0,00 €"
/italia/icdp/icdp-pnd-circolazione-riuso-docs/it/consultazione/contesto-normativo.html,34,17,00:00:10,0,"0,00%","2,94%","0,00 €"
/italia/icdp/icdp-pnd-circolazione-riuso-docs/it/giugno-2022/acquisizione-circolazione-e-riuso-delle-riproduzioni-dei-beni-culturali-in-ambiente-digitale.html,34,15,00:00:41,1,"0,00%","14,71%","0,00 €"
/italia/icdp/icdp-pnd-digitalizzazione-docs/it/consultazione/ii.-formati/c.-file-audio.html,34,17,00:00:06,0,"0,00%","0,00%","0,00 €"
/italia/icdp/icdp-pnd-digitalizzazione-docs/it/consultazione/ii.-formati/d.-file-3d.html,34,17,00:00:04,0,"0,00%","0,00%","0,00 €"
/italia/icdp/icdp-pnd-digitalizzazione-docs/it/consultazione/ix.-verifiche-e-collaudi/b.-collaudo-per-stati-di-avanzamento-lavori.html,34,17,00:00:42,0,"0,00%","2,94%","0,00 €"
/italia/icdp/icdp-pnd-servizi-docs/it/consultazione/lanalisi-dei-processi-end-to-end.html,34,18,00:00:29,2,"50,00%","8,82%","0,00 €"
/italia/icdp/icdp-pnd-digitalizzazione-docs/it/consultazione/ix.-verifiche-e-collaudi/a.-collaudo-del-campione-tecnico-iniziale-prototipo.html,33,16,00:00:08,1,"100,00%","3,03%","0,00 €"
/italia/icdp/icdp-pnd-digitalizzazione-docs/it/consultazione/vi.-nomenclatura-degli-oggetti-digitali.html,33,16,00:00:16,1,"0,00%","0,00%","0,00 €"
/italia/icdp/icdp-pnd-digitalizzazione-docs/it/consultazione/vii.-voci-di-costo.html,33,16,00:00:02,0,"0,00%","0,00%","0,00 €"
/italia/icdp/icdp-pnd-circolazione-riuso-docs/it/giugno-2022/introduzione.html,32,15,00:00:53,2,"0,00%","15,62%","0,00 €"
/italia/icdp/icdp-pnd-circolazione-riuso-docs/it/giugno-2022/principi-per-il-riuso-delle-riproduzioni-digitali-del-patrimonio-culturale-e-dei-relativi-metadati.html,32,10,00:00:40,0,"0,00%","0,00%","0,00 €"
/italia/icdp/icdp-pnd-digitalizzazione-docs/it/giugno-2022/metadati/lo-standard-mets.html,32,16,00:00:26,1,"0,00%","6,25%","0,00 €"
/italia/icdp/icdp-pnd-servizi-docs/it/consultazione/la-definizione-di-prodotti-e-servizi-digitali/servizi-digitali-per-la-gestione.html,32,17,00:01:22,1,"0,00%","18,75%","0,00 €"
/italia/icdp/icdp-pnd-circolazione-riuso-docs/it/consultazione/crediti.html,31,17,00:00:28,2,"50,00%","12,90%","0,00 €"
/italia/icdp/icdp-pnd-circolazione-riuso-docs/it/giugno-2022/contesto-normativo/la-direttiva-2019790-copyright-e-il-d.lgs.-1772021-di-recepimento.html,31,8,00:01:12,0,"0,00%","0,00%","0,00 €"
/italia/icdp/icdp-pnd-digitalizzazione-docs/it/giugno2022/il-progetto-di-digitalizzazione/perche-scopi-e-obiettivi-della-digitalizzazione.html,31,13,00:01:43,1,"0,00%","6,45%","0,00 €"
/italia/icdp/icdp-pnd-docs/it/giugno-2022/strategia/persone.html,31,19,00:01:45,0,"0,00%","19,35%","0,00 €"
/italia/icdp/icdp-pnd-digitalizzazione-docs/it/consultazione/vi.-nomenclatura-degli-oggetti-digitali/b.-vincoli-nella-nomenclatura.html,30,15,00:00:10,2,"0,00%","0,00%","0,00 €"
/italia/icdp/icdp-pnd-servizi-docs/it/consultazione/introduzione.html,30,16,00:00:34,1,"0,00%","6,67%","0,00 €"
/italia/icdp/icdp-pnd-servizi-docs/it/consultazione/lanalisi-dei-processi-end-to-end/processo-4-user-journey-nei-luoghi-della-cultura.html,30,13,00:00:27,1,"0,00%","3,33%","0,00 €"
/italia/icdp/icdp-pnd-digitalizzazione-docs/it/consultazione/iv.-metadati/e.-metadati-strutturali.html,29,14,00:00:14,1,"0,00%","0,00%","0,00 €"
/italia/icdp/icdp-pnd-digitalizzazione-docs/it/consultazione/ix.-verifiche-e-collaudi.html,29,13,00:00:04,0,"0,00%","0,00%","0,00 €"
/italia/icdp/icdp-pnd-dmp-docs/it/consultazione/cosè-il-dmp-e-a-che-cosa-serve.html,29,13,00:00:37,0,"0,00%","10,34%","0,00 €"
/italia/icdp/icdp-pnd-dmp-docs/it/giugno-2022/cose-il-dmp-e-a-che-cosa-serve.html,29,13,00:00:39,1,"100,00%","6,90%","0,00 €"
/italia/icdp/icdp-pnd-maturita-docs/it/giugno-2022/applicazione-dei-modelli-al-patrimonio-culturale-pubblico/i-modelli-di-maturity-assessment-applicati-al-settore-culturale-in-europa.html,29,16,00:00:45,7,"71,43%","41,38%","0,00 €"
/italia/icdp/icdp-pnd-circolazione-riuso-docs/it/consultazione/contesto-normativo/la-direttiva-20191024-psi-e-il-d.lgs.-2002021-di-recepimento.html,28,15,00:01:23,1,"0,00%","10,71%","0,00 €"
/italia/icdp/icdp-pnd-circolazione-riuso-docs/it/giugno-2022/contesto-normativo/il-codice-dei-beni-culturali-e-del-paesaggio.html,28,11,00:00:31,1,"0,00%","3,57%","0,00 €"
/italia/icdp/icdp-pnd-docs/it/giugno-2022/crediti.html,28,13,00:01:54,0,"0,00%","17,86%","0,00 €"
/italia/icdp/icdp-pnd-docs/it/giugno2022/visione/obiettivi.html,28,11,00:02:27,1,"0,00%","10,71%","0,00 €"
/italia/icdp/icdp-pnd-docs/it/giugno-2022/parole-chiave.html,27,15,00:01:24,0,"0,00%","22,22%","0,00 €"
/italia/icdp/icdp-pnd-docs/it/giugno2022/visione/valori.html,27,13,00:02:42,0,"0,00%","11,11%","0,00 €"
/italia/icdp/icdp-pnd-servizi-docs/it/consultazione/la-definizione-di-prodotti-e-servizi-digitali/servizi-digitali-di-consumo.html,27,11,00:01:25,2,"0,00%","0,00%","0,00 €"
/italia/icdp/icdp-pnd-servizi-docs/it/consultazione/possibili-modelli-di-gestione/processo-3-prodotti-e-servizi-a-valore-aggiunto-modello-a-valorizzazione-economica.html,27,14,00:01:45,4,"50,00%","11,11%","0,00 €"
/italia/icdp/icdp-pnd-circolazione-riuso-docs/it/consultazione/principi-per-la-definizione-dei-corrispettivi-di-riproduzione.html,26,16,00:01:59,1,"0,00%","26,92%","0,00 €"
/italia/icdp/icdp-pnd-digitalizzazione-docs/it/consultazione/iv.-metadati/f.-metadati-per-la-conservazione.html,26,13,00:00:36,0,"0,00%","3,85%","0,00 €"
/italia/icdp/icdp-pnd-dmp-docs/it/giugno-2022/allegato-faq-per-la-pubblicazione-dei-dati-aperti.html,26,13,00:01:00,4,"75,00%","26,92%","0,00 €"
/italia/icdp/icdp-pnd-docs/it/giugno2022/scopo-del-piano-e-destinatari.html,26,10,00:01:19,1,"0,00%","11,54%","0,00 €"
/italia/icdp/icdp-pnd-maturita-docs/it/consultazione/premessa.html,26,13,00:00:08,0,"0,00%","3,85%","0,00 €"
/italia/icdp/icdp-pnd-dmp-docs/it/consultazione/il-dmp-nel-piano-nazionale-di-digitalizzazione.html,25,13,00:02:11,5,"40,00%","12,00%","0,00 €"
/italia/icdp/icdp-pnd-dmp-docs/it/consultazione/struttura-dmp.html,25,9,00:00:11,0,"0,00%","4,00%","0,00 €"
/italia/icdp/icdp-pnd-dmp-docs/it/giugno-2022/scheda-progetto/open-data.html,25,12,00:00:17,1,"0,00%","16,00%","0,00 €"
/italia/icdp/icdp-pnd-docs/it/giugno2022/contesto-di-riferimento.html,25,10,00:02:34,0,"0,00%","0,00%","0,00 €"
/italia/icdp/icdp-pnd-circolazione-riuso-docs/it/giugno-2022/modalita-di-pubblicazione-online-delle-riproduzioni-digitali-e-scelta-delle-licenze-duso-da-adottare/licenze-e-termini-duso.html,24,12,00:00:22,2,"0,00%","25,00%","0,00 €"
/italia/icdp/icdp-pnd-digitalizzazione-docs/it/consultazione/riferimenti-bibliografici.html,24,12,00:00:08,0,"0,00%","0,00%","0,00 €"
/italia/icdp/icdp-pnd-digitalizzazione-docs/it/giugno-2022/appendici/allegati.html,24,8,00:00:07,0,"0,00%","12,50%","0,00 €"
/italia/icdp/icdp-pnd-digitalizzazione-docs/it/giugno-2022/il-progetto-di-digitalizzazione/dove.html,24,12,00:00:32,1,"100,00%","12,50%","0,00 €"
/italia/icdp/icdp-pnd-digitalizzazione-docs/it/giugno2022/il-progetto-di-digitalizzazione/chi-enti-coinvolti-e-team-di-progetto.html,24,10,00:01:32,1,"0,00%","12,50%","0,00 €"
/italia/icdp/icdp-pnd-digitalizzazione-docs/it/giugno2022/il-progetto-di-digitalizzazione/come.html,24,13,00:03:52,0,"0,00%","12,50%","0,00 €"
/italia/icdp/icdp-pnd-maturita-docs/it/consultazione/conclusioni.html,24,7,00:00:22,0,"0,00%","0,00%","0,00 €"
/italia/icdp/icdp-pnd-servizi-docs/it/consultazione/possibili-modelli-di-gestione.html,24,13,00:00:41,3,"0,00%","0,00%","0,00 €"
/italia/icdp/icdp-pnd-servizi-docs/it/consultazione/possibili-modelli-di-gestione/processo-4-user-journey-nei-luoghi-della-cultura-1.html,24,17,00:00:48,6,"100,00%","41,67%","0,00 €"
/italia/icdp/icdp-pnd-servizi-docs/it/giugno-2022/la-definizione-di-prodotti-e-servizi-digitali.html,24,7,00:00:36,0,"0,00%","12,50%","0,00 €"
/italia/icdp/icdp-pnd-servizi-docs/it/giugno-2022/lanalisi-dei-processi-end-to-end.html,24,5,00:00:12,0,"0,00%","0,00%","0,00 €"
/italia/icdp/icdp-pnd-circolazione-riuso-docs/it/consultazione/modalità-di-pubblicazione-online-delle-riproduzioni-digitali-e-scelta-delle-licenze-duso-da-adottare/cosa-sono-le-licenze.html,23,12,00:01:14,2,"50,00%","13,04%","0,00 €"
/italia/icdp/icdp-pnd-digitalizzazione-docs/it/giugno-2022/metadati/metadati-tecnici.html,23,9,00:00:19,0,"0,00%","4,35%","0,00 €"
/italia/icdp/icdp-pnd-digitalizzazione-docs/it/giugno2022/il-progetto-di-digitalizzazione/che-cosa-selezione-e-trattamento-del-bene.html,23,10,00:00:54,0,"0,00%","0,00%","0,00 €"
/italia/icdp/icdp-pnd-dmp-docs/it/giugno2022/cose-il-dmp-e-a-che-cosa-serve.html,23,6,00:00:32,0,"0,00%","0,00%","0,00 €"
/italia/icdp/icdp-pnd-docs/it/giugno-2022/linee-guida/redazione-del-piano-di-gestione-dei-dati.html,23,11,00:00:28,1,"0,00%","4,35%","0,00 €"
/italia/icdp/icdp-pnd-circolazione-riuso-docs/it/consultazione/modalità-di-pubblicazione-online-delle-riproduzioni-digitali-e-scelta-delle-licenze-duso-da-adottare/come-pubblicare-le-riproduzioni.html,22,11,00:00:24,0,"0,00%","4,55%","0,00 €"
/italia/icdp/icdp-pnd-digitalizzazione-docs/it/bozza/i.-il-progetto-di-digitalizzazione/a.-perché-scopi-e-obiettivi-della-digitalizzazione.html,22,5,00:00:28,0,"0,00%","13,64%","0,00 €"
/italia/icdp/icdp-pnd-digitalizzazione-docs/it/giugno-2022/il-capitolato.html,22,11,00:01:45,0,"0,00%","27,27%","0,00 €"
/italia/icdp/icdp-pnd-dmp-docs/it/consultazione/introduzione.html,22,9,00:00:38,0,"0,00%","0,00%","0,00 €"
/italia/icdp/icdp-pnd-docs/it/giugno2022/strategia/processi.html,22,8,00:00:53,2,"0,00%","13,64%","0,00 €"
/italia/icdp/icdp-pnd-servizi-docs/it/consultazione/lanalisi-dei-processi-end-to-end/processo-3-i-luoghi-della-cultura-o-gli-utenti-utilizzano-i-contenuti-digitali-rielaborati-con-un-valore-aggiunto-per-finalità-espositive-educative-editoriali-e-commerciali.html,22,11,00:00:29,0,"0,00%","4,55%","0,00 €"
/italia/icdp/icdp-pnd-servizi-docs/it/giugno-2022/la-definizione-di-prodotti-e-servizi-digitali/servizi-digitali-per-la-creazione-di-contenuti.html,22,7,00:00:42,0,"0,00%","9,09%","0,00 €"
/projects/icdp-pnd-docs/,22,10,00:00:23,0,"0,00%","9,09%","0,00 €"
/italia/icdp/icdp-pnd-circolazione-riuso-docs/it/consultazione/contesto-normativo/la-direttiva-2019790-copyright-e-il-d.lgs.-1772021-di-recepimento.html,21,12,00:00:56,0,"0,00%","9,52%","0,00 €"
/italia/icdp/icdp-pnd-circolazione-riuso-docs/it/giugno-2022/principi-per-la-definizione-dei-corrispettivi-di-riproduzione.html,21,9,00:01:31,0,"0,00%","9,52%","0,00 €"
/italia/icdp/icdp-pnd-dmp-docs/it/consultazione/scheda-progetto.html,21,10,00:01:04,0,"0,00%","9,52%","0,00 €"
/italia/icdp/icdp-pnd-dmp-docs/it/giugno-2022/scheda-progetto/dati.html,21,11,00:00:33,0,"0,00%","19,05%","0,00 €"
/italia/icdp/icdp-pnd-docs/it/giugno2022/introduzione.html,21,9,00:00:45,0,"0,00%","0,00%","0,00 €"
/italia/icdp/icdp-pnd-docs/it/giugno2022/visione/index.html,20,9,00:01:27,0,"0,00%","5,00%","0,00 €"
/italia/icdp/icdp-pnd-maturita-docs/it/consultazione/crediti.html,20,9,00:00:05,0,"0,00%","0,00%","0,00 €"
/italia/icdp/icdp-pnd-servizi-docs/it/bozza/index.html,20,7,00:01:31,3,"0,00%","15,00%","0,00 €"
/italia/icdp/icdp-pnd-servizi-docs/it/consultazione/crediti.html,20,9,00:00:06,0,"0,00%","5,00%","0,00 €"
/italia/icdp/icdp-pnd-servizi-docs/it/consultazione/possibili-modelli-di-gestione/processo-1---servizi-di-consumo---modello-a-libera-fruizione..html,20,10,00:03:12,0,"0,00%","15,00%","0,00 €"
/italia/icdp/icdp-pnd-servizi-docs/it/consultazione/possibili-modelli-di-gestione/processo-2---servizi-per-la-creazione-di-contenuti---modello-a-valorizzazione-culturale..html,20,11,00:01:21,1,"0,00%","20,00%","0,00 €"
/italia/icdp/icdp-pnd-servizi-docs/it/giugno-2022/possibili-modelli-di-gestione.html,20,5,00:00:09,0,"0,00%","0,00%","0,00 €"
/italia/icdp/icdp-pnd-circolazione-riuso-docs/it/giugno-2022/contesto-normativo.html,19,8,00:00:07,1,"0,00%","0,00%","0,00 €"
/italia/icdp/icdp-pnd-circolazione-riuso-docs/it/giugno-2022/principi-per-il-riuso-delle-riproduzioni-digitali-del-patrimonio-culturale-e-dei-relativi-metadati/compatibilità-dei-principi-open-access-con-la-normativa-nazionale.html,19,6,00:00:49,0,"0,00%","5,26%","0,00 €"
/italia/icdp/icdp-pnd-circolazione-riuso-docs/it/giugno-2022/principi-per-il-riuso-delle-riproduzioni-digitali-del-patrimonio-culturale-e-dei-relativi-metadati/definizioni-di-open-access.html,19,7,00:00:54,1,"100,00%","5,26%","0,00 €"
/italia/icdp/icdp-pnd-digitalizzazione-docs/it/giugno-2022/metadati/indicazioni-generali.html,19,10,00:00:07,0,"0,00%","10,53%","0,00 €"
/italia/icdp/icdp-pnd-dmp-docs/it/consultazione/scheda-istituto.html,19,7,00:00:05,0,"0,00%","0,00%","0,00 €"
/italia/icdp/icdp-pnd-dmp-docs/it/consultazione/scheda-progetto/dati.html,19,10,00:00:11,0,"0,00%","15,79%","0,00 €"
/italia/icdp/icdp-pnd-dmp-docs/it/consultazione/scheda-progetto/open-data.html,19,9,00:00:47,1,"100,00%","15,79%","0,00 €"
/italia/icdp/icdp-pnd-dmp-docs/it/consultazione/scheda-progetto/qualità-dei-dati-e-documentazione.html,19,10,00:02:16,4,"0,00%","26,32%","0,00 €"
/italia/icdp/icdp-pnd-servizi-docs/it/giugno-2022/possibili-modelli-di-gestione/processo-2-servizi-per-la-creazione-di-contenuti---modello-a-valorizzazione-culturale.html,19,9,00:00:46,0,"0,00%","5,26%","0,00 €"
/italia/icdp/icdp-pnd-circolazione-riuso-docs/it/consultazione/modalità-di-pubblicazione-online-delle-riproduzioni-digitali-e-scelta-delle-licenze-duso-da-adottare/licenze-e-termini-duso.html,18,10,00:01:29,0,"0,00%","5,56%","0,00 €"
/italia/icdp/icdp-pnd-circolazione-riuso-docs/it/giugno-2022/modalita-di-pubblicazione-online-delle-riproduzioni-digitali-e-scelta-delle-licenze-duso-da-adottare.html,18,7,00:00:04,0,"0,00%","0,00%","0,00 €"
/italia/icdp/icdp-pnd-circolazione-riuso-docs/it/giugno-2022/modalita-di-pubblicazione-online-delle-riproduzioni-digitali-e-scelta-delle-licenze-duso-da-adottare/cosa-sono-le-licenze.html,18,6,00:00:17,0,"0,00%","0,00%","0,00 €"
/italia/icdp/icdp-pnd-digitalizzazione-docs/it/giugno-2022/voci-di-costo/esempio-di-schema-di-voci-di-costo.html,18,9,00:00:23,1,"0,00%","5,56%","0,00 €"
/italia/icdp/icdp-pnd-digitalizzazione-docs/it/giugno2022/metadati/metadati-descrittivi.html,18,8,00:01:05,1,"100,00%","16,67%","0,00 €"
/italia/icdp/icdp-pnd-dmp-docs/it/bozza/index.html,18,6,00:00:04,0,"0,00%","0,00%","0,00 €"
/italia/icdp/icdp-pnd-docs/it/giugno2022/struttura-del-documento.html,18,8,00:01:11,0,"0,00%","0,00%","0,00 €"
/italia/icdp/icdp-pnd-servizi-docs/it/giugno-2022/lanalisi-dei-processi-end-to-end/processo-3-i-luoghi-della-cultura-eo-gli-utenti-utilizzano-i-contenuti-digitali-rielaborati-con-un-valore-aggiunto-per-finalità-espositive-educative-editoriali-e-commerciali.html,18,5,00:00:16,0,"0,00%","0,00%","0,00 €"
/italia/icdp/icdp-pnd-circolazione-riuso-docs/it/consultazione/modalità-di-pubblicazione-online-delle-riproduzioni-digitali-e-scelta-delle-licenze-duso-da-adottare.html,17,9,00:00:07,1,"0,00%","0,00%","0,00 €"
/italia/icdp/icdp-pnd-circolazione-riuso-docs/it/consultazione/principi-per-il-riuso-delle-riproduzioni-digitali-del-patrimonio-culturale-e-dei-relativi-metadati/definizioni-di-open-access.html,17,9,00:00:53,1,"100,00%","5,88%","0,00 €"
/italia/icdp/icdp-pnd-digitalizzazione-docs/it/giugno-2022/voci-di-costo/schema.html,17,8,00:00:31,1,"0,00%","5,88%","0,00 €"
/italia/icdp/icdp-pnd-digitalizzazione-docs/it/giugno2022/il-progetto-di-digitalizzazione/quando.html,17,9,00:00:30,1,"0,00%","11,76%","0,00 €"
/italia/icdp/icdp-pnd-dmp-docs/it/consultazione/attività-preliminari.html,17,8,00:00:15,0,"0,00%","0,00%","0,00 €"
/italia/icdp/icdp-pnd-docs/it/giugno-2022/linee-guida/introduzione-alla-metodologia-maturita-digitale.html,17,6,00:00:06,0,"0,00%","5,88%","0,00 €"
/italia/icdp/icdp-pnd-docs/it/giugno-2022/riferimenti-normativi-essenziali.html,17,9,00:00:35,0,"0,00%","23,53%","0,00 €"
/italia/icdp/icdp-pnd-maturita-docs/it/giugno-2022/applicazione-dei-modelli-al-patrimonio-culturale-pubblico/uno-studio-condotto-sui-musei-italiani.html,17,10,00:00:20,1,"0,00%","35,29%","0,00 €"
/italia/icdp/icdp-pnd-circolazione-riuso-docs/it/consultazione/search.html?check_keywords=yes&area=default&q=copie,16,1,00:00:07,0,"0,00%","6,25%","0,00 €"
/italia/icdp/icdp-pnd-digitalizzazione-docs/it/bozza/i.-il-progetto-di-digitalizzazione.html,16,4,00:00:05,0,"0,00%","0,00%","0,00 €"
/italia/icdp/icdp-pnd-digitalizzazione-docs/it/giugno2022/il-capitolato.html,16,4,00:00:48,0,"0,00%","0,00%","0,00 €"
/italia/icdp/icdp-pnd-dmp-docs/it/consultazione/scheda-progetto/informazioni-amministrative.html,16,8,00:00:47,1,"0,00%","6,25%","0,00 €"
/italia/icdp/icdp-pnd-dmp-docs/it/giugno2022/introduzione.html,16,4,00:00:29,0,"0,00%","0,00%","0,00 €"
/italia/icdp/icdp-pnd-docs/it/giugno-2022/bibliografia.html,16,9,00:00:13,0,"0,00%","6,25%","0,00 €"
/italia/icdp/icdp-pnd-docs/it/giugno2022/strategia/index.html,16,6,00:02:16,0,"0,00%","0,00%","0,00 €"
/docs/icdp-pnd-dmp-docs/it/bozza/cosè-il-dmp-e-a-che-cosa-serve.html,15,2,00:01:01,1,"0,00%","0,00%","0,00 €"
/italia/icdp/icdp-pnd-digitalizzazione-docs/it/giugno2022/il-progetto-di-digitalizzazione.html,15,7,00:00:24,0,"0,00%","6,67%","0,00 €"
/italia/icdp/icdp-pnd-dmp-docs/it/consultazione/scheda-progetto/archiviazione-pubblicazione-e-preservazione-dei-dati.html,15,6,00:00:24,1,"100,00%","20,00%","0,00 €"
/italia/icdp/icdp-pnd-dmp-docs/it/consultazione/scheda-progetto/metadati.html,15,7,00:01:07,1,"0,00%","6,67%","0,00 €"
/italia/icdp/icdp-pnd-dmp-docs/it/giugno-2022/introduzione.html,15,8,00:00:49,0,"0,00%","13,33%","0,00 €"
/italia/icdp/icdp-pnd-docs/it/giugno-2022/linee-guida/classificazione-prodotti-servizi-digitali-processi-e-modelli-di-gestione.html,15,8,00:00:17,0,"0,00%","0,00%","0,00 €"
/italia/icdp/icdp-pnd-docs/it/giugno-2022/linee-guida/index.html,15,7,00:01:57,1,"0,00%","0,00%","0,00 €"
/italia/icdp/icdp-pnd-docs/it/giugno2022/linee-guida/digitalizzazione-del-patrimonio-culturale.html,15,5,00:00:04,0,"0,00%","6,67%","0,00 €"
/italia/icdp/icdp-pnd-servizi-docs/it/giugno-2022/crediti.html,15,7,00:00:50,0,"0,00%","13,33%","0,00 €"
/italia/icdp/icdp-pnd-servizi-docs/it/giugno-2022/lanalisi-dei-processi-end-to-end/processo-1-i-luoghi-della-cultura-mettono-a-disposizione-degli-utenti-contenuti-digitali-per-la-consultazione-e-la-navigazione.html,15,4,00:00:07,0,"0,00%","0,00%","0,00 €"
/italia/icdp/icdp-pnd-circolazione-riuso-docs/it/consultazione/modalità-di-pubblicazione-online-delle-riproduzioni-digitali-e-scelta-delle-licenze-duso-da-adottare/come-e-dove-riportare-i-termini-duso-delle-immagini-metadati.html,14,7,00:00:20,0,"0,00%","0,00%","0,00 €"
/italia/icdp/icdp-pnd-circolazione-riuso-docs/it/giugno-2022/contesto-normativo/tipologie-di-beni-culturali-in-relazione-alla-tipologia-di-riproduzione.html?highlight=Wiki,14,9,<00:00:01,8,"75,00%","64,29%","0,00 €"
/italia/icdp/icdp-pnd-digitalizzazione-docs/it/giugno-2022/metadati.html,14,7,00:00:04,0,"0,00%","0,00%","0,00 €"
/italia/icdp/icdp-pnd-digitalizzazione-docs/it/giugno2022/voci-di-costo/schema.html,14,5,00:00:31,0,"0,00%","7,14%","0,00 €"
/italia/icdp/icdp-pnd-dmp-docs/it/consultazione/allegato-faq-per-la-pubblicazione-dei-dati-aperti.html,14,8,00:01:12,1,"100,00%","50,00%","0,00 €"
/italia/icdp/icdp-pnd-dmp-docs/it/consultazione/data-governance-interna.html,14,8,00:00:55,1,"100,00%","14,29%","0,00 €"
/italia/icdp/icdp-pnd-dmp-docs/it/giugno-2022/crediti.html,14,5,00:00:12,0,"0,00%","0,00%","0,00 €"
/italia/icdp/icdp-pnd-dmp-docs/it/giugno2022/il-dmp-nel-piano-nazionale-di-digitalizzazione.html,14,6,00:00:59,0,"0,00%","0,00%","0,00 €"
/italia/icdp/icdp-pnd-docs/it/giugno2022/visione/opportunita.html,14,6,00:02:52,1,"0,00%","0,00%","0,00 €"
/italia/icdp/icdp-pnd-maturita-docs/it/giugno-2022/premessa.html,14,9,00:02:37,0,"0,00%","14,29%","0,00 €"
/italia/icdp/icdp-pnd-servizi-docs/it/giugno-2022/conclusioni.html,14,6,00:00:16,0,"0,00%","0,00%","0,00 €"
/italia/icdp/icdp-pnd-servizi-docs/it/giugno-2022/la-definizione-di-prodotti-e-servizi-digitali/prodotti-servizi-valore-aggiunto.html,14,5,00:00:26,0,"0,00%","7,14%","0,00 €"
/italia/icdp/icdp-pnd-servizi-docs/it/giugno-2022/la-definizione-di-prodotti-e-servizi-digitali/servizi-digitali-per-la-gestione.html,14,5,00:00:22,0,"0,00%","0,00%","0,00 €"
/italia/icdp/icdp-pnd-servizi-docs/it/giugno-2022/lanalisi-dei-processi-end-to-end/processo-4-user-journey-nei-luoghi-della-cultura.html,14,3,00:00:46,0,"0,00%","0,00%","0,00 €"
/italia/icdp/icdp-pnd-circolazione-riuso-docs/it/consultazione/principi-per-il-riuso-delle-riproduzioni-digitali-del-patrimonio-culturale-e-dei-relativi-metadati/compatibilità-dei-principi-open-access-con-la-normativa-nazionale.html,13,7,00:00:58,0,"0,00%","0,00%","0,00 €"
/italia/icdp/icdp-pnd-digitalizzazione-docs/it/giugno2022/metadati/lo-standard-mets.html,13,6,00:00:39,0,"0,00%","0,00%","0,00 €"
/italia/icdp/icdp-pnd-dmp-docs/it/consultazione/crediti.html,13,5,00:00:21,0,"0,00%","0,00%","0,00 €"
/italia/icdp/icdp-pnd-dmp-docs/it/giugno-2022/scheda-progetto/archiviazione-pubblicazione-e-preservazione-dei-dati.html,13,4,00:00:17,0,"0,00%","0,00%","0,00 €"
/italia/icdp/icdp-pnd-dmp-docs/it/giugno2022/scheda-progetto/dati.html,13,5,00:00:10,0,"0,00%","0,00%","0,00 €"
/italia/icdp/icdp-pnd-servizi-docs/it/giugno-2022/lanalisi-dei-processi-end-to-end/processo-2-i-luoghi-della-cultura-mettono-a-disposizione-degli-utenti-contenuti-digitali-per-creare-nuovi-e-ulteriori-contenuti.html,13,4,00:00:09,0,"0,00%","0,00%","0,00 €"
/italia/icdp/icdp-pnd-circolazione-riuso-docs/it/consultazione/principi-per-il-riuso-delle-riproduzioni-digitali-del-patrimonio-culturale-e-dei-relativi-metadati.html,12,6,00:00:06,0,"0,00%","8,33%","0,00 €"
/italia/icdp/icdp-pnd-circolazione-riuso-docs/it/giugno-2022/modalita-di-pubblicazione-online-delle-riproduzioni-digitali-e-scelta-delle-licenze-duso-da-adottare/come-pubblicare-le-riproduzioni.html,12,7,00:00:50,0,"0,00%","0,00%","0,00 €"
/italia/icdp/icdp-pnd-circolazione-riuso-docs/it/giugno2022/acquisizione-circolazione-e-riuso-delle-riproduzioni-dei-beni-culturali-in-ambiente-digitale/modalita-di-acquisizione-delle-riproduzioni.html,12,7,00:01:53,0,"0,00%","25,00%","0,00 €"
/italia/icdp/icdp-pnd-circolazione-riuso-docs/it/giugno2022/contesto-normativo/tipologie-di-beni-culturali-in-relazione-alla-tipologia-di-riproduzione.html,12,5,00:01:45,1,"100,00%","16,67%","0,00 €"
/italia/icdp/icdp-pnd-digitalizzazione-docs/it/bozza/i.-il-progetto-di-digitalizzazione/d.-come.html,12,5,00:01:21,0,"0,00%","8,33%","0,00 €"
/italia/icdp/icdp-pnd-digitalizzazione-docs/it/giugno-2022/crediti.html,12,6,00:01:30,0,"0,00%","25,00%","0,00 €"
/italia/icdp/icdp-pnd-digitalizzazione-docs/it/giugno-2022/riferimenti-bibliografici/linee-guida-e-manuali-nazionali.html,12,4,00:01:29,0,"0,00%","0,00%","0,00 €"
/italia/icdp/icdp-pnd-digitalizzazione-docs/it/giugno2022/voci-di-costo.html,12,5,00:00:02,1,"0,00%","0,00%","0,00 €"
/italia/icdp/icdp-pnd-digitalizzazione-docs/it/giugno2022/voci-di-costo/esempio-di-schema-di-voci-di-costo.html,12,5,00:00:28,0,"0,00%","0,00%","0,00 €"
/italia/icdp/icdp-pnd-dmp-docs/it/giugno-2022/scheda-progetto/informazioni-amministrative.html,12,5,00:00:12,0,"0,00%","8,33%","0,00 €"
/italia/icdp/icdp-pnd-docs/it/giugno2022/crediti.html,12,6,00:00:46,0,"0,00%","0,00%","0,00 €"
/italia/icdp/icdp-pnd-docs/it/giugno2022/linee-guida/index.html,12,4,00:01:03,1,"0,00%","8,33%","0,00 €"
/italia/icdp/icdp-pnd-maturita-docs/it/giugno-2022/introduzione-al-tema-e-metodologie-impiegate.html,12,9,00:00:57,1,"0,00%","8,33%","0,00 €"
/italia/icdp/icdp-pnd-servizi-docs/it/consultazione/conclusioni.html,12,6,00:00:30,0,"0,00%","33,33%","0,00 €"
/italia/icdp/icdp-pnd-circolazione-riuso-docs/it/giugno-2022/modalita-di-pubblicazione-online-delle-riproduzioni-digitali-e-scelta-delle-licenze-duso-da-adottare/come-riportare-i-termini-duso-delle-immagini.html,11,4,00:00:17,0,"0,00%","0,00%","0,00 €"
/italia/icdp/icdp-pnd-digitalizzazione-docs/it/giugno2022/formati/file-immagine.html,11,7,00:03:27,0,"0,00%","18,18%","0,00 €"
/italia/icdp/icdp-pnd-digitalizzazione-docs/it/giugno2022/metadati/indicazioni-generali.html,11,5,00:00:13,0,"0,00%","0,00%","0,00 €"
/italia/icdp/icdp-pnd-digitalizzazione-docs/it/giugno2022/nomenclatura-degli-oggetti-digitali/indicazioni-generali-1.html,11,5,00:00:42,1,"0,00%","0,00%","0,00 €"
/italia/icdp/icdp-pnd-digitalizzazione-docs/it/giugno2022/verifiche-e-collaudi.html,11,4,00:00:08,0,"0,00%","0,00%","0,00 €"
/italia/icdp/icdp-pnd-dmp-docs/it/giugno2022/data-governance-interna.html,11,6,00:00:47,1,"100,00%","9,09%","0,00 €"
/italia/icdp/icdp-pnd-docs/it/bozza/bibliografia.html,11,3,00:00:20,0,"0,00%","9,09%","0,00 €"
/italia/icdp/icdp-pnd-docs/it/bozza/visione/valori.html,11,4,00:00:08,0,"0,00%","0,00%","0,00 €"
/italia/icdp/icdp-pnd-docs/it/giugno2022/riferimenti-normativi-essenziali.html,11,6,00:00:20,0,"0,00%","18,18%","0,00 €"
/italia/icdp/icdp-pnd-circolazione-riuso-docs/it/giugno2022/principi-per-il-riuso-delle-riproduzioni-digitali-del-patrimonio-culturale-e-dei-relativi-metadati/compatibilità-dei-principi-open-access-con-la-normativa-nazionale.html,10,4,00:03:24,0,"0,00%","10,00%","0,00 €"
/italia/icdp/icdp-pnd-digitalizzazione-docs/it/bozza/i.-il-progetto-di-digitalizzazione/c.-chi-enti-coinvolti-e-team-di-progetto.html,10,4,00:00:21,0,"0,00%","0,00%","0,00 €"
/italia/icdp/icdp-pnd-digitalizzazione-docs/it/bozza/riferimenti-bibliografici/linee-guida-nazionali.html,10,2,00:00:11,0,"0,00%","10,00%","0,00 €"
/italia/icdp/icdp-pnd-digitalizzazione-docs/it/giugno-2022/diritti.html,10,5,00:01:10,0,"0,00%","10,00%","0,00 €"
/italia/icdp/icdp-pnd-digitalizzazione-docs/it/giugno-2022/formati/file-video.html,10,5,00:00:05,0,"0,00%","0,00%","0,00 €"
/italia/icdp/icdp-pnd-digitalizzazione-docs/it/giugno-2022/metadati/metadati-per-la-conservazione.html,10,5,00:00:04,0,"0,00%","10,00%","0,00 €"
/italia/icdp/icdp-pnd-digitalizzazione-docs/it/giugno-2022/nomenclatura-degli-oggetti-digitali.html,10,4,00:00:02,0,"0,00%","10,00%","0,00 €"
/italia/icdp/icdp-pnd-digitalizzazione-docs/it/giugno2022/premessa.html,10,5,00:01:06,0,"0,00%","10,00%","0,00 €"
/italia/icdp/icdp-pnd-dmp-docs/it/bozza/scheda-progetto/metadati.html,10,4,00:00:40,1,"0,00%","20,00%","0,00 €"
/italia/icdp/icdp-pnd-dmp-docs/it/giugno2022/allegato-faq-per-la-pubblicazione-dei-dati-aperti.html,10,4,00:00:11,0,"0,00%","20,00%","0,00 €"
/italia/icdp/icdp-pnd-dmp-docs/it/giugno2022/scheda-progetto.html,10,3,00:00:18,0,"0,00%","0,00%","0,00 €"
/italia/icdp/icdp-pnd-docs/it/giugno2022/parole-chiave.html,10,5,00:01:02,1,"0,00%","20,00%","0,00 €"
/italia/icdp/icdp-pnd-maturita-docs/it/giugno2022/index.html,10,4,00:00:05,0,"0,00%","0,00%","0,00 €"
/italia/icdp/icdp-pnd-servizi-docs/it/giugno-2022/la-definizione-di-prodotti-e-servizi-digitali/servizi-digitali-di-consumo.html,10,2,00:00:15,0,"0,00%","0,00%","0,00 €"
/docs/icdp-pnd-docs/it/bozza/index.html,9,4,00:02:50,1,"100,00%","22,22%","0,00 €"
/italia/icdp/icdp-pnd-circolazione-riuso-docs/it/giugno2022/acquisizione-circolazione-e-riuso-delle-riproduzioni-dei-beni-culturali-in-ambiente-digitale.html,9,4,00:00:11,0,"0,00%","0,00%","0,00 €"
/italia/icdp/icdp-pnd-circolazione-riuso-docs/it/giugno2022/acquisizione-circolazione-e-riuso-delle-riproduzioni-dei-beni-culturali-in-ambiente-digitale/tipologie-duso-delle-riproduzioni-di-beni-culturali.html,9,6,00:01:52,3,"33,33%","33,33%","0,00 €"
/italia/icdp/icdp-pnd-digitalizzazione-docs/it/giugno-2022/appendici/future-integrazioni-alle-linee-guida.html,9,5,00:00:16,0,"0,00%","22,22%","0,00 €"
/italia/icdp/icdp-pnd-digitalizzazione-docs/it/giugno-2022/supporti.html,9,4,00:00:25,0,"0,00%","11,11%","0,00 €"
/italia/icdp/icdp-pnd-dmp-docs/it/consultazione/scheda-progetto/aspetti-etici-e-legali.html,9,5,00:00:51,1,"0,00%","11,11%","0,00 €"
/italia/icdp/icdp-pnd-dmp-docs/it/giugno-2022/scheda-progetto/metadati.html,9,6,00:00:25,0,"0,00%","0,00%","0,00 €"
/italia/icdp/icdp-pnd-dmp-docs/it/giugno-2022/scheda-progetto/qualita-dei-dati-e-documentazione.html,9,4,00:00:31,1,"0,00%","0,00%","0,00 €"
/italia/icdp/icdp-pnd-dmp-docs/it/giugno2022/scheda-progetto/metadati.html,9,5,00:00:11,0,"0,00%","11,11%","0,00 €"
/italia/icdp/icdp-pnd-dmp-docs/it/giugno2022/scheda-progetto/open-data.html,9,5,00:00:16,0,"0,00%","11,11%","0,00 €"
/italia/icdp/icdp-pnd-servizi-docs/it/giugno-2022/possibili-modelli-di-gestione/processo-1-servizi-di-consumo---modello-a-fruizione-pubblica.html,9,4,00:00:15,0,"0,00%","11,11%","0,00 €"
/docs/icdp-pnd-dmp-docs/it/bozza/,8,3,00:00:11,1,"0,00%","25,00%","0,00 €"
/docs/icdp-pnd-dmp-docs/it/bozza/index.html,8,5,00:00:07,4,"25,00%","12,50%","0,00 €"
/docs/icdp-pnd-dmp-docs/it/bozza/scheda-progetto/metadati.html,8,1,00:00:14,0,"0,00%","12,50%","0,00 €"
/docs/icdp-pnd-docs/it/bozza/introduzione.html,8,2,00:00:02,0,"0,00%","12,50%","0,00 €"
/docs/icdp-pnd-docs/it/bozza/scopo-del-piano-e-destinatari.html,8,2,00:00:02,0,"0,00%","12,50%","0,00 €"
/italia/icdp/icdp-pnd-circolazione-riuso-docs/it/giugno2022/contesto-normativo/il-codice-dei-beni-culturali-e-del-paesaggio.html,8,4,00:00:32,0,"0,00%","0,00%","0,00 €"
/italia/icdp/icdp-pnd-circolazione-riuso-docs/it/giugno2022/principi-per-il-riuso-delle-riproduzioni-digitali-del-patrimonio-culturale-e-dei-relativi-metadati/definizioni-di-open-access.html,8,3,00:00:48,0,"0,00%","0,00%","0,00 €"
/italia/icdp/icdp-pnd-digitalizzazione-docs/it/bozza/crediti.html,8,4,00:00:10,0,"0,00%","0,00%","0,00 €"
/italia/icdp/icdp-pnd-digitalizzazione-docs/it/giugno-2022/nomenclatura-degli-oggetti-digitali/esempi-di-nomenclatura.html,8,4,00:00:14,0,"0,00%","0,00%","0,00 €"
/italia/icdp/icdp-pnd-digitalizzazione-docs/it/giugno-2022/voci-di-costo.html,8,4,00:00:02,0,"0,00%","0,00%","0,00 €"
/italia/icdp/icdp-pnd-digitalizzazione-docs/it/giugno2022/appendici/allegati.html,8,2,00:00:15,0,"0,00%","12,50%","0,00 €"
/italia/icdp/icdp-pnd-digitalizzazione-docs/it/giugno2022/crediti.html,8,4,00:00:22,0,"0,00%","12,50%","0,00 €"
/italia/icdp/icdp-pnd-digitalizzazione-docs/it/giugno2022/il-progetto-di-digitalizzazione/dove.html,8,4,00:02:42,0,"0,00%","12,50%","0,00 €"
/italia/icdp/icdp-pnd-digitalizzazione-docs/it/giugno2022/metadati.html,8,3,00:00:07,0,"0,00%","0,00%","0,00 €"
/italia/icdp/icdp-pnd-dmp-docs/it/bozza/cosè-il-dmp-e-a-che-cosa-serve.html,8,3,00:00:19,0,"0,00%","0,00%","0,00 €"
/italia/icdp/icdp-pnd-dmp-docs/it/giugno-2022/attivita-preliminari.html,8,4,00:00:23,0,"0,00%","0,00%","0,00 €"
/italia/icdp/icdp-pnd-dmp-docs/it/giugno-2022/il-dmp-nel-piano-nazionale-di-digitalizzazione.html,8,5,00:03:11,0,"0,00%","0,00%","0,00 €"
/italia/icdp/icdp-pnd-dmp-docs/it/giugno2022/attivita-preliminari.html,8,3,00:00:12,0,"0,00%","0,00%","0,00 €"
/italia/icdp/icdp-pnd-dmp-docs/it/giugno2022/normativa-di-riferimento.html,8,3,00:00:10,1,"0,00%","12,50%","0,00 €"
/italia/icdp/icdp-pnd-dmp-docs/it/giugno2022/scheda-progetto/informazioni-amministrative.html,8,4,00:00:07,0,"0,00%","0,00%","0,00 €"
/italia/icdp/icdp-pnd-dmp-docs/it/giugno2022/scheda-progetto/qualita-dei-dati-e-documentazione.html,8,4,00:00:05,0,"0,00%","0,00%","0,00 €"
/italia/icdp/icdp-pnd-docs/it/consultazione/search.html?check_keywords=yes&area=default&q=M1C3,8,1,00:00:03,0,"0,00%","0,00%","0,00 €"
/italia/icdp/icdp-pnd-maturita-docs/it/giugno-2022/applicazione-dei-modelli-al-patrimonio-culturale-pubblico.html,8,5,00:00:13,0,"0,00%","12,50%","0,00 €"
/italia/icdp/icdp-pnd-servizi-docs/it/giugno-2022/possibili-modelli-di-gestione/processo-3-prodotti-e-servizi-a-valore-aggiunto---modello-a-valorizzazione-economica.html,8,4,00:00:32,0,"0,00%","0,00%","0,00 €"
/italia/icdp/icdp-pnd-servizi-docs/it/giugno-2022/possibili-modelli-di-gestione/processo-4-user-journey-nei-luoghi-della-cultura-1.html,8,3,00:00:24,0,"0,00%","0,00%","0,00 €"
/italia/icdp/icdp-pnd-circolazione-riuso-docs/it/giugno-2022/acquisizione-circolazione-e-riuso-delle-riproduzioni-dei-beni-culturali-in-ambiente-digitale/modalita-di-acquisizione-delle-riproduzioni.html?highlight=nft,7,4,<00:00:01,3,"33,33%","57,14%","0,00 €"
/italia/icdp/icdp-pnd-circolazione-riuso-docs/it/giugno-2022/bibliografia-essenziale.html,7,4,00:00:44,0,"0,00%","14,29%","0,00 €"
/italia/icdp/icdp-pnd-circolazione-riuso-docs/it/giugno2022/contesto-normativo/la-direttiva-20191024-psi-e-il-d.lgs.-2002021-di-recepimento.html,7,4,00:01:18,0,"0,00%","14,29%","0,00 €"
/italia/icdp/icdp-pnd-circolazione-riuso-docs/it/giugno2022/contesto-normativo/la-direttiva-2019790-copyright-e-il-d.lgs.-1772021-di-recepimento.html,7,3,00:00:09,0,"0,00%","14,29%","0,00 €"
/italia/icdp/icdp-pnd-digitalizzazione-docs/it/giugno-2022/formati/file-3d.html,7,4,00:00:05,0,"0,00%","0,00%","0,00 €"
/italia/icdp/icdp-pnd-digitalizzazione-docs/it/giugno-2022/metadati/metadati-strutturali.html,7,4,00:00:07,0,"0,00%","0,00%","0,00 €"
/italia/icdp/icdp-pnd-digitalizzazione-docs/it/giugno-2022/nomenclatura-degli-oggetti-digitali/indicazioni-generali-1.html,7,4,00:00:08,0,"0,00%","28,57%","0,00 €"
/italia/icdp/icdp-pnd-digitalizzazione-docs/it/giugno2022/nomenclatura-degli-oggetti-digitali/vincoli-nella-nomenclatura.html,7,4,00:00:11,0,"0,00%","0,00%","0,00 €"
/italia/icdp/icdp-pnd-digitalizzazione-docs/it/giugno2022/verifiche-e-collaudi/collaudo-del-campione-tecnico-iniziale-prototipo.html,7,3,00:00:08,0,"0,00%","0,00%","0,00 €"
/italia/icdp/icdp-pnd-dmp-docs/it/consultazione/scheda-progetto/sicurezza-dei-dati.html,7,3,00:00:06,0,"0,00%","0,00%","0,00 €"
/italia/icdp/icdp-pnd-docs/it/consultazione/linee-guida-per-i-processi-di-digitalizzazione.html?highlight=PND,7,4,00:00:00,3,"33,33%","57,14%","0,00 €"
/italia/icdp/icdp-pnd-docs/it/giugno2022/bibliografia.html,7,2,00:00:40,0,"0,00%","0,00%","0,00 €"
/italia/icdp/icdp-pnd-docs/it/giugno2022/linee-guida/redazione-del-piano-di-gestione-dei-dati.html,7,4,00:00:19,0,"0,00%","14,29%","0,00 €"
/italia/icdp/icdp-pnd-maturita-docs/it/giugno-2022/conclusioni.html,7,5,00:00:36,0,"0,00%","14,29%","0,00 €"
/docs/icdp-pnd-digitalizzazione-docs/it/bozza/,6,3,00:01:15,0,"0,00%","0,00%","0,00 €"
/docs/icdp-pnd-digitalizzazione-docs/it/bozza/premessa.html,6,2,00:01:25,0,"0,00%","16,67%","0,00 €"
/docs/icdp-pnd-dmp-docs/it/bozza/allegato-faq-per-la-pubblicazione-dei-dati-aperti.html,6,1,00:01:58,0,"0,00%","0,00%","0,00 €"
/docs/icdp-pnd-dmp-docs/it/bozza/crediti.html,6,1,00:00:11,0,"0,00%","0,00%","0,00 €"
/docs/icdp-pnd-dmp-docs/it/bozza/il-dmp-nel-piano-nazionale-di-digitalizzazione.html,6,1,00:01:04,0,"0,00%","0,00%","0,00 €"
/docs/icdp-pnd-dmp-docs/it/bozza/introduzione.html,6,1,00:00:09,0,"0,00%","0,00%","0,00 €"
/italia/icdp/icdp-pnd-circolazione-riuso-docs/it/bozza/index.html,6,3,00:01:08,0,"0,00%","0,00%","0,00 €"
/italia/icdp/icdp-pnd-circolazione-riuso-docs/it/consultazione/contesto-normativo/tipologie-di-beni-culturali-in-relazione-alla-tipologia-di-riproduzione.html?highlight=prestiti,6,1,00:00:29,0,"0,00%","0,00%","0,00 €"
/italia/icdp/icdp-pnd-circolazione-riuso-docs/it/consultazione/search.html?check_keywords=yes&area=default&q=mostre,6,1,00:00:02,0,"0,00%","0,00%","0,00 €"
/italia/icdp/icdp-pnd-circolazione-riuso-docs/it/giugno2022/principi-per-il-riuso-delle-riproduzioni-digitali-del-patrimonio-culturale-e-dei-relativi-metadati.html,6,3,00:00:03,0,"0,00%","0,00%","0,00 €"
/italia/icdp/icdp-pnd-digitalizzazione-docs/it/bozza/i.-il-progetto-di-digitalizzazione/b.-che-cosa-selezione-e-trattamento-del-bene.html,6,2,00:00:09,0,"0,00%","0,00%","0,00 €"
/italia/icdp/icdp-pnd-digitalizzazione-docs/it/bozza/premessa.html,6,2,00:00:16,0,"0,00%","0,00%","0,00 €"
/italia/icdp/icdp-pnd-digitalizzazione-docs/it/bozza/riferimenti-bibliografici/linee-guida-internazionali.html,6,3,00:00:05,0,"0,00%","0,00%","0,00 €"
/italia/icdp/icdp-pnd-digitalizzazione-docs/it/consultazione/search.html?check_keywords=yes&area=default&q=Appendici,6,2,00:00:12,1,"0,00%","16,67%","0,00 €"
/italia/icdp/icdp-pnd-digitalizzazione-docs/it/consultazione/search.html?check_keywords=yes&area=default&q=phaidra,6,3,00:00:08,0,"0,00%","0,00%","0,00 €"
/italia/icdp/icdp-pnd-digitalizzazione-docs/it/giugno-2022/appendici.html,6,2,00:00:03,0,"0,00%","0,00%","0,00 €"
/italia/icdp/icdp-pnd-digitalizzazione-docs/it/giugno-2022/formati/file-audio.html,6,3,00:00:02,0,"0,00%","0,00%","0,00 €"
/italia/icdp/icdp-pnd-digitalizzazione-docs/it/giugno-2022/metadati/metadati-dei-diritti.html,6,3,00:00:04,0,"0,00%","0,00%","0,00 €"
/italia/icdp/icdp-pnd-digitalizzazione-docs/it/giugno-2022/riferimenti-bibliografici/linee-guida-e-manuali-internazionali.html,6,3,00:00:04,0,"0,00%","16,67%","0,00 €"
/italia/icdp/icdp-pnd-digitalizzazione-docs/it/giugno2022/metadati/metadati-per-la-conservazione.html,6,2,00:00:29,0,"0,00%","0,00%","0,00 €"
/italia/icdp/icdp-pnd-digitalizzazione-docs/it/giugno2022/metadati/metadati-tecnici.html,6,3,00:01:50,0,"0,00%","0,00%","0,00 €"
/italia/icdp/icdp-pnd-digitalizzazione-docs/it/giugno2022/nomenclatura-degli-oggetti-digitali/esempi-di-nomenclatura.html,6,3,00:00:38,0,"0,00%","0,00%","0,00 €"
/italia/icdp/icdp-pnd-digitalizzazione-docs/it/giugno2022/verifiche-e-collaudi/collaudo-per-stati-di-avanzamento-lavori.html,6,2,00:00:25,0,"0,00%","0,00%","0,00 €"
/italia/icdp/icdp-pnd-dmp-docs/it/bozza/il-dmp-nel-piano-nazionale-di-digitalizzazione.html,6,3,00:00:03,0,"0,00%","16,67%","0,00 €"
/italia/icdp/icdp-pnd-dmp-docs/it/bozza/scheda-progetto/qualità-dei-dati-e-documentazione.html,6,3,00:00:02,0,"0,00%","16,67%","0,00 €"
/italia/icdp/icdp-pnd-dmp-docs/it/giugno-2022/scheda-istituto.html,6,3,00:00:10,0,"0,00%","16,67%","0,00 €"
/italia/icdp/icdp-pnd-dmp-docs/it/giugno-2022/search.html?check_keywords=yes&area=default&q=licenze,6,2,00:00:02,0,"0,00%","16,67%","0,00 €"
/italia/icdp/icdp-pnd-dmp-docs/it/giugno2022/scheda-progetto/sicurezza-dei-dati.html,6,3,00:00:06,0,"0,00%","0,00%","0,00 €"
/italia/icdp/icdp-pnd-dmp-docs/it/giugno2022/strumenti-per-la-compilazione-del-dmp.html,6,2,00:00:11,0,"0,00%","0,00%","0,00 €"
/italia/icdp/icdp-pnd-docs/it/bozza/crediti.html,6,3,00:00:06,0,"0,00%","16,67%","0,00 €"
/italia/icdp/icdp-pnd-docs/it/giugno2022/strategia/persone.html,6,3,00:01:21,0,"0,00%","0,00%","0,00 €"
/italia/icdp/icdp-pnd-servizi-docs/it/bozza/conclusioni.html,6,1,00:00:13,0,"0,00%","0,00%","0,00 €"
/italia/icdp/icdp-pnd-servizi-docs/it/giugno2022/appendice-i---selezione-di-esempi.html,6,3,00:00:16,0,"0,00%","16,67%","0,00 €"
/docs/icdp-pnd-circolazione-riuso-docs/it/bozza/,5,3,00:00:10,0,"0,00%","20,00%","0,00 €"
/italia/icdp/icdp-pnd-circolazione-riuso-docs/it/giugno2022/introduzione.html,5,3,00:00:25,0,"0,00%","20,00%","0,00 €"
/italia/icdp/icdp-pnd-circolazione-riuso-docs/it/giugno2022/modalita-di-pubblicazione-online-delle-riproduzioni-digitali-e-scelta-delle-licenze-duso-da-adottare/cosa-sono-le-licenze.html,5,3,00:00:12,0,"0,00%","20,00%","0,00 €"
/italia/icdp/icdp-pnd-digitalizzazione-docs/it/bozza/iv.-metadati/b.-metadati-descrittivi.html,5,3,00:00:18,0,"0,00%","20,00%","0,00 €"
/italia/icdp/icdp-pnd-digitalizzazione-docs/it/consultazione/riferimenti-bibliografici/linee-guida-nazionali.html?highlight=phaidra,5,3,00:00:11,1,"100,00%","40,00%","0,00 €"
/italia/icdp/icdp-pnd-digitalizzazione-docs/it/giugno-2022/riferimenti-bibliografici.html,5,2,00:00:05,0,"0,00%","0,00%","0,00 €"
/italia/icdp/icdp-pnd-dmp-docs/it/bozza/scheda-progetto/dati.html,5,3,00:00:05,1,"100,00%","20,00%","0,00 €"
/italia/icdp/icdp-pnd-dmp-docs/it/giugno-2022/scheda-progetto/sicurezza-dei-dati.html,5,2,00:00:46,0,"0,00%","0,00%","0,00 €"
/italia/icdp/icdp-pnd-servizi-docs/it/giugno2022/possibili-modelli-di-gestione/processo-1-servizi-di-consumo---modello-a-fruizione-pubblica.html,5,3,00:00:52,0,"0,00%","0,00%","0,00 €"
/projects/icdp-pnd-dmp-docs/,5,3,00:00:54,1,"0,00%","0,00%","0,00 €"
/docs/icdp-pnd-digitalizzazione-docs/it/bozza/crediti.html,4,2,00:00:01,1,"0,00%","0,00%","0,00 €"
/docs/icdp-pnd-dmp-docs/it/bozza/normativa-di-riferimento.html,4,1,00:00:04,0,"0,00%","0,00%","0,00 €"
/docs/icdp-pnd-dmp-docs/it/bozza/scheda-progetto.html,4,1,00:01:02,0,"0,00%","0,00%","0,00 €"
/docs/icdp-pnd-dmp-docs/it/bozza/scheda-progetto/dati.html,4,1,00:00:20,0,"0,00%","0,00%","0,00 €"
/docs/icdp-pnd-dmp-docs/it/bozza/scheda-progetto/informazioni-amministrative.html,4,1,00:00:33,0,"0,00%","0,00%","0,00 €"
/docs/icdp-pnd-dmp-docs/it/bozza/scheda-progetto/qualità-dei-dati-e-documentazione.html,4,1,00:00:36,0,"0,00%","0,00%","0,00 €"
/docs/icdp-pnd-dmp-docs/it/bozza/strumenti-per-la-compilazione-del-dmp.html,4,1,00:02:16,0,"0,00%","0,00%","0,00 €"
/docs/icdp-pnd-docs/it/bozza/contesto-di-riferimento.html,4,2,00:00:32,0,"0,00%","0,00%","0,00 €"
/italia/icdp/icdp-pnd-circolazione-riuso-docs/it/consultazione/acquisizione-circolazione-e-riuso-delle-riproduzioni-dei-beni-culturali-in-ambiente-digitale/modalità-di-acquisizione-delle-riproduzioni.html?highlight=copie,4,1,00:00:43,0,"0,00%","0,00%","0,00 €"
/italia/icdp/icdp-pnd-circolazione-riuso-docs/it/consultazione/search.html?check_keywords=yes&area=default&q=exhibion+copy,4,1,00:00:03,0,"0,00%","0,00%","0,00 €"
/italia/icdp/icdp-pnd-circolazione-riuso-docs/it/consultazione/search.html?check_keywords=yes&area=default&q=exhibition+copy,4,1,00:00:01,0,"0,00%","0,00%","0,00 €"
/italia/icdp/icdp-pnd-circolazione-riuso-docs/it/consultazione/search.html?check_keywords=yes&area=default&q=phaidra,4,2,00:00:03,0,"0,00%","0,00%","0,00 €"
/italia/icdp/icdp-pnd-circolazione-riuso-docs/it/consultazione/search.html?check_keywords=yes&area=default&q=prestiti,4,1,00:00:02,0,"0,00%","0,00%","0,00 €"
/italia/icdp/icdp-pnd-circolazione-riuso-docs/it/giugno-2022/crediti.html,4,2,00:00:07,0,"0,00%","0,00%","0,00 €"
/italia/icdp/icdp-pnd-circolazione-riuso-docs/it/giugno2022/contesto-normativo.html,4,2,00:00:05,0,"0,00%","0,00%","0,00 €"
/italia/icdp/icdp-pnd-circolazione-riuso-docs/it/giugno2022/modalita-di-pubblicazione-online-delle-riproduzioni-digitali-e-scelta-delle-licenze-duso-da-adottare.html,4,2,00:00:04,0,"0,00%","0,00%","0,00 €"
/italia/icdp/icdp-pnd-circolazione-riuso-docs/it/giugno2022/modalita-di-pubblicazione-online-delle-riproduzioni-digitali-e-scelta-delle-licenze-duso-da-adottare/come-riportare-i-termini-duso-delle-immagini.html,4,2,00:03:10,0,"0,00%","0,00%","0,00 €"
/italia/icdp/icdp-pnd-circolazione-riuso-docs/it/giugno2022/modalita-di-pubblicazione-online-delle-riproduzioni-digitali-e-scelta-delle-licenze-duso-da-adottare/licenze-e-termini-duso.html,4,2,00:00:14,0,"0,00%","0,00%","0,00 €"
/italia/icdp/icdp-pnd-digitalizzazione-docs/it/bozza/ii.-formati/a.-file-immagine.html,4,2,00:00:12,0,"0,00%","0,00%","0,00 €"
/italia/icdp/icdp-pnd-digitalizzazione-docs/it/bozza/iii.-ocr.html,4,2,00:00:15,0,"0,00%","0,00%","0,00 €"
/italia/icdp/icdp-pnd-digitalizzazione-docs/it/bozza/iv.-metadati/c.-metadati-tecnici.html,4,2,00:00:11,0,"0,00%","0,00%","0,00 €"
/italia/icdp/icdp-pnd-digitalizzazione-docs/it/bozza/ix.-verifiche-e-collaudi/a.-collaudo-del-campione-tecnico-iniziale-prototipo.html,4,1,00:00:06,0,"0,00%","0,00%","0,00 €"
/italia/icdp/icdp-pnd-digitalizzazione-docs/it/bozza/ix.-verifiche-e-collaudi/b.-collaudo-per-stati-di-avanzamento-lavori.html,4,1,00:00:07,0,"0,00%","0,00%","0,00 €"
/italia/icdp/icdp-pnd-digitalizzazione-docs/it/bozza/riferimenti-bibliografici.html,4,1,00:00:04,0,"0,00%","0,00%","0,00 €"
/italia/icdp/icdp-pnd-digitalizzazione-docs/it/bozza/vi.-nomenclatura-degli-oggetti-digitali/a.-indicazioni-generali-1.html,4,2,00:01:18,0,"0,00%","0,00%","0,00 €"
/italia/icdp/icdp-pnd-digitalizzazione-docs/it/bozza/vi.-nomenclatura-degli-oggetti-digitali/c.-esempi-di-nomenclatura.html,4,1,00:00:07,0,"0,00%","0,00%","0,00 €"
/italia/icdp/icdp-pnd-digitalizzazione-docs/it/bozza/x.-supporti.html,4,2,00:01:05,0,"0,00%","0,00%","0,00 €"
/italia/icdp/icdp-pnd-digitalizzazione-docs/it/giugno-2022/metadati/lo-standard-mets.html?highlight=mets,4,1,00:00:10,0,"0,00%","0,00%","0,00 €"
/italia/icdp/icdp-pnd-digitalizzazione-docs/it/giugno-2022/nomenclatura-degli-oggetti-digitali/vincoli-nella-nomenclatura.html,4,2,00:00:05,0,"0,00%","0,00%","0,00 €"
/italia/icdp/icdp-pnd-digitalizzazione-docs/it/giugno-2022/search.html?check_keywords=yes&area=default&q=archiv,4,1,00:00:09,0,"0,00%","0,00%","0,00 €"
/italia/icdp/icdp-pnd-digitalizzazione-docs/it/giugno-2022/search.html?check_keywords=yes&area=default&q=lossy,4,1,00:00:04,0,"0,00%","0,00%","0,00 €"
/italia/icdp/icdp-pnd-digitalizzazione-docs/it/giugno-2022/search.html?check_keywords=yes&area=default&q=Mets,4,1,00:00:07,0,"0,00%","0,00%","0,00 €"
/italia/icdp/icdp-pnd-digitalizzazione-docs/it/giugno-2022/verifiche-e-collaudi.html,4,2,00:00:06,0,"0,00%","0,00%","0,00 €"
/italia/icdp/icdp-pnd-digitalizzazione-docs/it/giugno2022/appendici.html,4,2,00:00:03,0,"0,00%","0,00%","0,00 €"
/italia/icdp/icdp-pnd-digitalizzazione-docs/it/giugno2022/appendici/future-integrazioni-alle-linee-guida.html,4,2,00:00:15,0,"0,00%","0,00%","0,00 €"
/italia/icdp/icdp-pnd-digitalizzazione-docs/it/giugno2022/appendici/glossario.html,4,2,00:00:42,0,"0,00%","0,00%","0,00 €"
/italia/icdp/icdp-pnd-digitalizzazione-docs/it/giugno2022/appendici/parametri-di-acquisizione-digitale.html,4,2,00:00:38,0,"0,00%","0,00%","0,00 €"
/italia/icdp/icdp-pnd-digitalizzazione-docs/it/giugno2022/diritti.html,4,2,00:00:18,0,"0,00%","0,00%","0,00 €"
/italia/icdp/icdp-pnd-digitalizzazione-docs/it/giugno2022/formati.html,4,2,00:00:26,0,"0,00%","0,00%","0,00 €"
/italia/icdp/icdp-pnd-digitalizzazione-docs/it/giugno2022/formati/file-3d.html,4,2,00:00:16,0,"0,00%","0,00%","0,00 €"
/italia/icdp/icdp-pnd-digitalizzazione-docs/it/giugno2022/metadati/metadati-dei-diritti.html,4,2,00:00:24,0,"0,00%","0,00%","0,00 €"
/italia/icdp/icdp-pnd-digitalizzazione-docs/it/giugno2022/metadati/metadati-strutturali.html,4,2,00:00:29,0,"0,00%","0,00%","0,00 €"
/italia/icdp/icdp-pnd-digitalizzazione-docs/it/giugno2022/nomenclatura-degli-oggetti-digitali.html,4,2,00:00:06,0,"0,00%","0,00%","0,00 €"
/italia/icdp/icdp-pnd-digitalizzazione-docs/it/giugno2022/supporti.html,4,2,00:00:36,0,"0,00%","0,00%","0,00 €"
/italia/icdp/icdp-pnd-dmp-docs/it/bozza/attività-preliminari.html,4,2,00:00:02,0,"0,00%","0,00%","0,00 €"
/italia/icdp/icdp-pnd-dmp-docs/it/bozza/data-governance-interna.html,4,2,00:00:03,0,"0,00%","0,00%","0,00 €"
/italia/icdp/icdp-pnd-dmp-docs/it/bozza/scheda-istituto.html,4,2,00:00:02,0,"0,00%","0,00%","0,00 €"
/italia/icdp/icdp-pnd-dmp-docs/it/bozza/scheda-progetto.html,4,2,00:00:04,0,"0,00%","0,00%","0,00 €"
/italia/icdp/icdp-pnd-dmp-docs/it/bozza/scheda-progetto/informazioni-amministrative.html,4,2,00:00:06,0,"0,00%","0,00%","0,00 €"
/italia/icdp/icdp-pnd-dmp-docs/it/bozza/scheda-progetto/qualità-dei-dati-e-documentazione.html?highlight=25012,4,1,00:00:34,0,"0,00%","0,00%","0,00 €"
/italia/icdp/icdp-pnd-dmp-docs/it/bozza/struttura-dmp.html,4,2,00:00:02,0,"0,00%","0,00%","0,00 €"
/italia/icdp/icdp-pnd-dmp-docs/it/consultazione/scheda-istituto.html?highlight=contratto d'istituto,4,1,00:00:04,0,"0,00%","0,00%","0,00 €"
/italia/icdp/icdp-pnd-dmp-docs/it/consultazione/strumenti-per-la-compilazione-del-dmp.html,4,2,00:00:03,0,"0,00%","0,00%","0,00 €"
/italia/icdp/icdp-pnd-dmp-docs/it/giugno-2022/allegato-faq-per-la-pubblicazione-dei-dati-aperti.html?highlight=cc0,4,2,<00:00:01,0,"0,00%","25,00%","0,00 €"
/italia/icdp/icdp-pnd-dmp-docs/it/giugno-2022/normativa-di-riferimento.html,4,1,00:00:08,0,"0,00%","0,00%","0,00 €"
/italia/icdp/icdp-pnd-dmp-docs/it/giugno-2022/search.html?check_keywords=yes&area=default&q=C00,4,2,00:00:03,0,"0,00%","0,00%","0,00 €"
/italia/icdp/icdp-pnd-dmp-docs/it/giugno-2022/search.html?check_keywords=yes&area=default&q=CC0,4,2,00:00:01,0,"0,00%","0,00%","0,00 €"
/italia/icdp/icdp-pnd-dmp-docs/it/giugno-2022/search.html?check_keywords=yes&area=default&q=licenza,4,1,00:00:08,0,"0,00%","0,00%","0,00 €"
/italia/icdp/icdp-pnd-dmp-docs/it/giugno-2022/search.html?check_keywords=yes&area=default&q=licenze+creative,4,2,00:00:01,0,"0,00%","0,00%","0,00 €"
/italia/icdp/icdp-pnd-dmp-docs/it/giugno-2022/search.html?check_keywords=yes&area=default&q=public+domain,4,2,00:00:10,0,"0,00%","0,00%","0,00 €"
/italia/icdp/icdp-pnd-dmp-docs/it/giugno-2022/strumenti-per-la-compilazione-del-dmp.html,4,1,00:00:04,0,"0,00%","0,00%","0,00 €"
/italia/icdp/icdp-pnd-dmp-docs/it/giugno2022/scheda-istituto.html,4,2,00:00:07,0,"0,00%","0,00%","0,00 €"
/italia/icdp/icdp-pnd-dmp-docs/it/giugno2022/scheda-progetto/archiviazione-pubblicazione-e-preservazione-dei-dati.html,4,2,00:00:09,0,"0,00%","0,00%","0,00 €"
/italia/icdp/icdp-pnd-dmp-docs/it/giugno2022/scheda-progetto/aspetti-etici-e-legali.html,4,2,00:00:05,0,"0,00%","0,00%","0,00 €"
/italia/icdp/icdp-pnd-docs/it/bozza/introduzione.html,4,2,00:00:55,0,"0,00%","0,00%","0,00 €"
/italia/icdp/icdp-pnd-docs/it/bozza/riferimenti-normativi-essenziali.html,4,2,00:00:32,0,"0,00%","0,00%","0,00 €"
/italia/icdp/icdp-pnd-docs/it/consultazione/search.html?check_keywords=yes&area=default&q=1.1.9,4,1,00:00:02,0,"0,00%","0,00%","0,00 €"
/italia/icdp/icdp-pnd-docs/it/consultazione/search.html?check_keywords=yes&area=default&q=M1C3+1.1.9,4,1,00:00:04,0,"0,00%","0,00%","0,00 €"
/italia/icdp/icdp-pnd-docs/it/consultazione/search.html?check_keywords=yes&area=default&q=OB.6,4,1,00:00:03,0,"0,00%","0,00%","0,00 €"
/italia/icdp/icdp-pnd-docs/it/consultazione/search.html?check_keywords=yes&area=default&q=phaidra,4,2,00:00:03,0,"0,00%","0,00%","0,00 €"
/italia/icdp/icdp-pnd-docs/it/consultazione/search.html?check_keywords=yes&area=default&q=sigec,4,1,00:00:04,0,"0,00%","0,00%","0,00 €"
/italia/icdp/icdp-pnd-docs/it/consultazione/strategie-2022-2026.html?highlight=pnrr,4,2,00:01:57,0,"0,00%","25,00%","0,00 €"
/italia/icdp/icdp-pnd-maturita-docs/it/consultazione/search.html?check_keywords=yes&area=default&q=phaidra,4,2,00:00:03,0,"0,00%","0,00%","0,00 €"
/italia/icdp/icdp-pnd-servizi-docs/it/bozza/crediti.html,4,1,00:00:04,0,"0,00%","0,00%","0,00 €"
/italia/icdp/icdp-pnd-servizi-docs/it/consultazione/possibili-modelli-di-gestione.html?highlight=modello collaborativo,4,1,00:00:13,0,"0,00%","0,00%","0,00 €"
/italia/icdp/icdp-pnd-servizi-docs/it/consultazione/search.html?check_keywords=yes&area=default&q=phaidra,4,2,00:00:02,0,"0,00%","25,00%","0,00 €"
/italia/icdp/icdp-pnd-servizi-docs/it/giugno2022/conclusioni.html,4,2,00:00:07,0,"0,00%","0,00%","0,00 €"
/italia/icdp/icdp-pnd-servizi-docs/it/giugno2022/la-definizione-di-prodotti-e-servizi-digitali/servizi-digitali-per-la-gestione.html,4,2,00:00:30,0,"0,00%","0,00%","0,00 €"
/italia/icdp/icdp-pnd-servizi-docs/it/giugno2022/possibili-modelli-di-gestione/processo-4-user-journey-nei-luoghi-della-cultura-1.html,4,2,00:00:18,0,"0,00%","0,00%","0,00 €"
/projects/icdp-pnd-maturita-docs/,4,1,00:00:05,0,"0,00%","0,00%","0,00 €"
/docs/icdp-pnd-servizi-docs/it/bozza/,3,2,00:00:09,1,"0,00%","0,00%","0,00 €"
/italia/icdp/icdp-pnd-circolazione-riuso-docs/it/giugno2022/modalita-di-pubblicazione-online-delle-riproduzioni-digitali-e-scelta-delle-licenze-duso-da-adottare/come-pubblicare-le-riproduzioni.html,3,2,00:00:39,0,"0,00%","33,33%","0,00 €"
/italia/icdp/icdp-pnd-digitalizzazione-docs/it/bozza/iv.-metadati/e.-metadati-strutturali.html,3,2,00:00:11,0,"0,00%","0,00%","0,00 €"
/italia/icdp/icdp-pnd-digitalizzazione-docs/it/bozza/iv.-metadati/f.-metadati-per-la-conservazione.html,3,2,00:00:08,0,"0,00%","0,00%","0,00 €"
/italia/icdp/icdp-pnd-digitalizzazione-docs/it/bozza/vii.-voci-di-costo.html,3,1,00:00:05,0,"0,00%","0,00%","0,00 €"
/italia/icdp/icdp-pnd-digitalizzazione-docs/it/bozza/viii.-il-capitolato.html,3,1,00:00:08,0,"0,00%","0,00%","0,00 €"
/italia/icdp/icdp-pnd-dmp-docs/it/giugno-2022/scheda-progetto.html,3,3,00:00:21,0,"0,00%","33,33%","0,00 €"
/italia/icdp/icdp-pnd-docs/it/bozza/visione/obiettivi.html,3,2,00:01:01,0,"0,00%","0,00%","0,00 €"
/italia/icdp/icdp-pnd-docs/it/consultazione/search.html?check_keywords=yes&area=default&q=siracusa,3,2,00:00:03,0,"0,00%","33,33%","0,00 €"
/italia/icdp/icdp-pnd-servizi-docs/it/giugno2022/introduzione.html,3,2,00:04:06,0,"0,00%","0,00%","0,00 €"
/italia/icdp/icdp-pnd-servizi-docs/it/giugno2022/possibili-modelli-di-gestione/processo-2-servizi-per-la-creazione-di-contenuti---modello-a-valorizzazione-culturale.html,3,2,00:00:24,0,"0,00%","0,00%","0,00 €"
/projects/icdp-pnd-circolazione-riuso-docs/,3,3,00:00:24,0,"0,00%","0,00%","0,00 €"
/projects/icdp-pnd-digitalizzazione-docs/,3,3,00:00:07,0,"0,00%","0,00%","0,00 €"
/docs/icdp-pnd-circolazione-riuso-docs/it/bozza/introduzione.html,2,2,00:00:28,2,"50,00%","50,00%","0,00 €"
/docs/icdp-pnd-digitalizzazione-docs/it/bozza/index.html,2,1,00:00:00,0,"0,00%","50,00%","0,00 €"
/docs/icdp-pnd-dmp-docs/it/bozza/attività-preliminari.html,2,1,00:00:28,0,"0,00%","0,00%","0,00 €"
/docs/icdp-pnd-dmp-docs/it/bozza/data-governance-interna.html,2,1,00:00:28,0,"0,00%","0,00%","0,00 €"
/docs/icdp-pnd-dmp-docs/it/bozza/scheda-istituto.html,2,1,00:00:08,0,"0,00%","0,00%","0,00 €"
/docs/icdp-pnd-dmp-docs/it/bozza/scheda-progetto/archiviazione-pubblicazione-e-preservazione-dei-dati.html,2,1,00:06:21,0,"0,00%","0,00%","0,00 €"
/docs/icdp-pnd-dmp-docs/it/bozza/scheda-progetto/aspetti-etici-e-legali.html,2,1,00:00:55,0,"0,00%","0,00%","0,00 €"
/docs/icdp-pnd-dmp-docs/it/bozza/scheda-progetto/open-data.html,2,1,00:00:55,0,"0,00%","0,00%","0,00 €"
/docs/icdp-pnd-dmp-docs/it/bozza/scheda-progetto/sicurezza-dei-dati.html,2,1,00:00:57,0,"0,00%","0,00%","0,00 €"
/docs/icdp-pnd-dmp-docs/it/bozza/struttura-dmp.html,2,1,00:00:50,0,"0,00%","0,00%","0,00 €"
/docs/icdp-pnd-docs/it/bozza/PND/introduzione.html,2,1,00:00:09,1,"0,00%","0,00%","0,00 €"
/docs/icdp-pnd-docs/it/bozza/strategie-2022-2026/tecnologie.html,2,1,00:00:11,1,"0,00%","50,00%","0,00 €"
/docs/icdp-pnd-maturita-docs/it/bozza/,2,1,00:01:20,0,"0,00%","0,00%","0,00 €"
/italia/icdp/?fbclid=IwAR1_qDM-nZT-_mITxG35k5sZL9H4dJgYvNsSw96sjRvqP7KPfTb-MmA9hL8,2,1,00:00:07,1,"0,00%","50,00%","0,00 €"
/italia/icdp/icdp-pnd-circolazione-riuso-docs/it/bozza/bibliografia-essenziale.html,2,1,00:00:02,0,"0,00%","0,00%","0,00 €"
/italia/icdp/icdp-pnd-circolazione-riuso-docs/it/consultazione/acquisizione-circolazione-e-riuso-delle-riproduzioni-dei-beni-culturali-in-ambiente-digitale/tipologie-duso-delle-riproduzioni-di-beni-culturali.html?highlight=copie,2,1,00:00:04,0,"0,00%","0,00%","0,00 €"
/italia/icdp/icdp-pnd-circolazione-riuso-docs/it/consultazione/acquisizione-circolazione-e-riuso-delle-riproduzioni-dei-beni-culturali-in-ambiente-digitale/tipologie-duso-delle-riproduzioni-di-beni-culturali.html?highlight=mostre,2,1,00:00:45,0,"0,00%","0,00%","0,00 €"
/italia/icdp/icdp-pnd-circolazione-riuso-docs/it/consultazione/bibliografia-essenziale.html,2,1,00:00:10,0,"0,00%","0,00%","0,00 €"
/italia/icdp/icdp-pnd-circolazione-riuso-docs/it/consultazione/contesto-normativo/il-codice-dei-beni-culturali-e-del-paesaggio.html?highlight=copie,2,1,00:00:02,0,"0,00%","0,00%","0,00 €"
/italia/icdp/icdp-pnd-circolazione-riuso-docs/it/consultazione/contesto-normativo/la-direttiva-2019790-copyright-e-il-d.lgs.-1772021-di-recepimento.html?highlight=copie,2,1,00:00:06,0,"0,00%","0,00%","0,00 €"
/italia/icdp/icdp-pnd-circolazione-riuso-docs/it/consultazione/modalità-di-pubblicazione-online-delle-riproduzioni-digitali-e-scelta-delle-licenze-duso-da-adottare/licenze-e-termini-duso.html?highlight=copie,2,1,00:00:04,0,"0,00%","0,00%","0,00 €"
/italia/icdp/icdp-pnd-circolazione-riuso-docs/it/consultazione/principi-per-il-riuso-delle-riproduzioni-digitali-del-patrimonio-culturale-e-dei-relativi-metadati/definizioni-di-open-access.html?highlight=mostre,2,1,00:00:08,0,"0,00%","0,00%","0,00 €"
/italia/icdp/icdp-pnd-circolazione-riuso-docs/it/consultazione/search.html?check_keywords=yes&area=default&q=exhibition+,2,1,00:00:01,0,"0,00%","0,00%","0,00 €"
/italia/icdp/icdp-pnd-circolazione-riuso-docs/it/giugno-2022/acquisizione-circolazione-e-riuso-delle-riproduzioni-dei-beni-culturali-in-ambiente-digitale/tipologie-duso-delle-riproduzioni-di-beni-culturali.html?highlight=nft,2,1,00:00:10,0,"0,00%","0,00%","0,00 €"
/italia/icdp/icdp-pnd-circolazione-riuso-docs/it/giugno-2022/acquisizione-circolazione-e-riuso-delle-riproduzioni-dei-beni-culturali-in-ambiente-digitale/tipologie-duso-delle-riproduzioni-di-beni-culturali.html?highlight=Pnd mic,2,1,00:00:00,0,"0,00%","50,00%","0,00 €"
/italia/icdp/icdp-pnd-circolazione-riuso-docs/it/giugno-2022/modalita-di-pubblicazione-online-delle-riproduzioni-digitali-e-scelta-delle-licenze-duso-da-adottare,2,1,00:00:00,0,"0,00%","50,00%","0,00 €"
/italia/icdp/icdp-pnd-circolazione-riuso-docs/it/giugno-2022/search.html?check_keywords=yes&area=default&q=nft,2,1,00:00:04,0,"0,00%","0,00%","0,00 €"
/italia/icdp/icdp-pnd-circolazione-riuso-docs/it/giugno-2022/search.html?check_keywords=yes&area=default&q=NFT,2,1,00:00:02,0,"0,00%","0,00%","0,00 €"
/italia/icdp/icdp-pnd-circolazione-riuso-docs/it/giugno2022/crediti.html,2,1,00:00:39,0,"0,00%","0,00%","0,00 €"
/italia/icdp/icdp-pnd-digitalizzazione-docs/it/bozza/i.-il-progetto-di-digitalizzazione/e.-quando.html,2,1,00:00:21,0,"0,00%","0,00%","0,00 €"
/italia/icdp/icdp-pnd-digitalizzazione-docs/it/bozza/i.-il-progetto-di-digitalizzazione/f.-dove.html,2,1,00:00:11,0,"0,00%","0,00%","0,00 €"
/italia/icdp/icdp-pnd-digitalizzazione-docs/it/bozza/ii.-formati.html,2,1,00:00:17,0,"0,00%","0,00%","0,00 €"
/italia/icdp/icdp-pnd-digitalizzazione-docs/it/bozza/ii.-formati/b.-file-video.html,2,1,00:00:11,0,"0,00%","0,00%","0,00 €"
/italia/icdp/icdp-pnd-digitalizzazione-docs/it/bozza/ii.-formati/c.-file-audio.html,2,1,00:00:06,0,"0,00%","0,00%","0,00 €"
/italia/icdp/icdp-pnd-digitalizzazione-docs/it/bozza/ii.-formati/d.-file-3d.html,2,1,00:00:11,0,"0,00%","0,00%","0,00 €"
/italia/icdp/icdp-pnd-digitalizzazione-docs/it/bozza/ii.-formati/e.-immagini-gigapixel.html,2,1,00:00:08,0,"0,00%","0,00%","0,00 €"
/italia/icdp/icdp-pnd-digitalizzazione-docs/it/bozza/iv.-metadati.html,2,1,00:00:30,0,"0,00%","0,00%","0,00 €"
/italia/icdp/icdp-pnd-digitalizzazione-docs/it/bozza/iv.-metadati/a.-indicazioni-generali.html,2,1,00:00:19,0,"0,00%","0,00%","0,00 €"
/italia/icdp/icdp-pnd-digitalizzazione-docs/it/bozza/iv.-metadati/d.-metadati-dei-diritti.html,2,1,00:00:13,0,"0,00%","0,00%","0,00 €"
/italia/icdp/icdp-pnd-digitalizzazione-docs/it/bozza/ix.-verifiche-e-collaudi.html,2,1,00:00:13,0,"0,00%","0,00%","0,00 €"
/italia/icdp/icdp-pnd-digitalizzazione-docs/it/bozza/riferimenti-bibliografici/linee-guida-nazionali.html?highlight=append parametri acquisizione digitale,2,1,00:00:00,0,"0,00%","50,00%","0,00 €"
/italia/icdp/icdp-pnd-digitalizzazione-docs/it/bozza/search.html?check_keywords=yes&area=default&q=Append.01+–+Parametri+di+acquisizione+digitale,2,1,00:00:03,0,"0,00%","0,00%","0,00 €"
/italia/icdp/icdp-pnd-digitalizzazione-docs/it/bozza/v.-diritti.html,2,1,00:00:11,0,"0,00%","0,00%","0,00 €"
/italia/icdp/icdp-pnd-digitalizzazione-docs/it/bozza/vi.-nomenclatura-degli-oggetti-digitali.html,2,1,00:00:25,0,"0,00%","0,00%","0,00 €"
/italia/icdp/icdp-pnd-digitalizzazione-docs/it/bozza/vi.-nomenclatura-degli-oggetti-digitali/b.-vincoli-nella-nomenclatura.html,2,1,00:00:11,0,"0,00%","0,00%","0,00 €"
/italia/icdp/icdp-pnd-digitalizzazione-docs/it/bozza/vii.-voci-di-costo/a.-schema.html,2,1,00:00:11,0,"0,00%","0,00%","0,00 €"
/italia/icdp/icdp-pnd-digitalizzazione-docs/it/bozza/vii.-voci-di-costo/b.-esempio-di-schema-di-voci-di-costo.html,2,1,00:00:18,0,"0,00%","0,00%","0,00 €"
/italia/icdp/icdp-pnd-digitalizzazione-docs/it/consultazione/riferimenti-bibliografici/linee-guida-nazionali.html?highlight=padova,2,1,00:00:13,0,"0,00%","0,00%","0,00 €"
/italia/icdp/icdp-pnd-digitalizzazione-docs/it/consultazione/search.html?check_keywords=yes&area=default&q=appendice,2,1,00:01:55,0,"0,00%","0,00%","0,00 €"
/italia/icdp/icdp-pnd-digitalizzazione-docs/it/consultazione/search.html?check_keywords=yes&area=default&q=Commons,2,1,00:00:15,0,"0,00%","0,00%","0,00 €"
/italia/icdp/icdp-pnd-digitalizzazione-docs/it/consultazione/search.html?check_keywords=yes&area=default&q=padova,2,1,00:00:06,0,"0,00%","0,00%","0,00 €"
/italia/icdp/icdp-pnd-digitalizzazione-docs/it/consultazione/search.html?check_keywords=yes&area=default&q=Transkribus,2,1,00:00:02,0,"0,00%","0,00%","0,00 €"
/italia/icdp/icdp-pnd-digitalizzazione-docs/it/consultazione/v.-diritti.html?highlight=PND,2,1,00:00:19,0,"0,00%","0,00%","0,00 €"
/italia/icdp/icdp-pnd-digitalizzazione-docs/it/giugno-2022/appendici/future-integrazioni-alle-linee-guida.html?highlight=audiovisivo,2,1,00:00:18,0,"0,00%","0,00%","0,00 €"
/italia/icdp/icdp-pnd-digitalizzazione-docs/it/giugno-2022/appendici/glossario.html?highlight=lossy,2,1,00:00:21,0,"0,00%","0,00%","0,00 €"
/italia/icdp/icdp-pnd-digitalizzazione-docs/it/giugno-2022/appendici/glossario.html?highlight=Trybkr88e17z3601,2,1,00:00:02,0,"0,00%","0,00%","0,00 €"
/italia/icdp/icdp-pnd-digitalizzazione-docs/it/giugno-2022/formati.html?highlight=lossy,2,1,00:00:21,0,"0,00%","0,00%","0,00 €"
/italia/icdp/icdp-pnd-digitalizzazione-docs/it/giugno-2022/search.html?check_keywords=yes&area=default&q=esempi,2,1,00:00:00,0,"0,00%","50,00%","0,00 €"
/italia/icdp/icdp-pnd-digitalizzazione-docs/it/giugno-2022/search.html?check_keywords=yes&area=default&q=ezsempi,2,1,00:00:03,0,"0,00%","0,00%","0,00 €"
/italia/icdp/icdp-pnd-digitalizzazione-docs/it/giugno-2022/search.html?check_keywords=yes&area=default&q=immagini,2,1,00:00:08,0,"0,00%","0,00%","0,00 €"
/italia/icdp/icdp-pnd-digitalizzazione-docs/it/giugno-2022/search.html?check_keywords=yes&area=default&q=nft,2,1,00:00:18,0,"0,00%","0,00%","0,00 €"
/italia/icdp/icdp-pnd-digitalizzazione-docs/it/giugno-2022/search.html?check_keywords=yes&area=default&q=televisione,2,1,00:00:04,0,"0,00%","0,00%","0,00 €"
/italia/icdp/icdp-pnd-digitalizzazione-docs/it/giugno-2022/search.html?check_keywords=yes&area=default&q=tv,2,1,00:00:06,0,"0,00%","0,00%","0,00 €"
/italia/icdp/icdp-pnd-digitalizzazione-docs/it/giugno-2022/search.html?check_keywords=yes&area=default&q=wiki,2,1,00:00:11,0,"0,00%","0,00%","0,00 €"
/italia/icdp/icdp-pnd-digitalizzazione-docs/it/giugno-2022/verifiche-e-collaudi/collaudo-del-campione-tecnico-iniziale-prototipo.html,2,1,00:00:12,0,"0,00%","0,00%","0,00 €"
/italia/icdp/icdp-pnd-digitalizzazione-docs/it/giugno-2022/verifiche-e-collaudi/collaudo-per-stati-di-avanzamento-lavori.html,2,1,00:00:53,0,"0,00%","0,00%","0,00 €"
/italia/icdp/icdp-pnd-digitalizzazione-docs/it/giugno2022/formati/file-audio.html,2,1,00:00:02,0,"0,00%","0,00%","0,00 €"
/italia/icdp/icdp-pnd-digitalizzazione-docs/it/giugno2022/formati/file-video.html,2,1,00:00:02,0,"0,00%","0,00%","0,00 €"
/italia/icdp/icdp-pnd-digitalizzazione-docs/it/giugno2022/riferimenti-bibliografici.html,2,1,00:00:04,0,"0,00%","0,00%","0,00 €"
/italia/icdp/icdp-pnd-digitalizzazione-docs/it/giugno2022/riferimenti-bibliografici/linee-guida-e-manuali-internazionali.html,2,1,00:00:13,0,"0,00%","0,00%","0,00 €"
/italia/icdp/icdp-pnd-digitalizzazione-docs/it/giugno2022/riferimenti-bibliografici/linee-guida-e-manuali-nazionali.html,2,1,00:00:28,0,"0,00%","0,00%","0,00 €"
/italia/icdp/icdp-pnd-dmp-docs/it/bozza/allegato-faq-per-la-pubblicazione-dei-dati-aperti.html,2,1,00:00:40,0,"0,00%","0,00%","0,00 €"
/italia/icdp/icdp-pnd-dmp-docs/it/bozza/crediti.html,2,1,00:00:02,0,"0,00%","0,00%","0,00 €"
/italia/icdp/icdp-pnd-dmp-docs/it/bozza/introduzione.html,2,1,00:01:01,0,"0,00%","0,00%","0,00 €"
/italia/icdp/icdp-pnd-dmp-docs/it/bozza/scheda-progetto/open-data.html,2,1,00:00:00,0,"0,00%","50,00%","0,00 €"
/italia/icdp/icdp-pnd-dmp-docs/it/consultazione/normativa-di-riferimento.html,2,1,00:00:02,0,"0,00%","0,00%","0,00 €"
/italia/icdp/icdp-pnd-dmp-docs/it/consultazione/search.html?check_keywords=yes&area=default&q=contratto+d'istituto+2021/2022,2,1,00:00:10,0,"0,00%","0,00%","0,00 €"
/italia/icdp/icdp-pnd-dmp-docs/it/consultazione/search.html?check_keywords=yes&area=default&q=IIIF,2,1,00:00:02,0,"0,00%","0,00%","0,00 €"
/italia/icdp/icdp-pnd-dmp-docs/it/consultazione/search.html?check_keywords=yes&area=default&q=phaidra,2,1,00:00:03,0,"0,00%","0,00%","0,00 €"
/italia/icdp/icdp-pnd-dmp-docs/it/giugno-2022/data-governance-interna.html,2,2,00:01:08,0,"0,00%","0,00%","0,00 €"
/italia/icdp/icdp-pnd-dmp-docs/it/giugno-2022/data-governance-interna.html?highlight=licenza,2,1,00:00:04,0,"0,00%","0,00%","0,00 €"
/italia/icdp/icdp-pnd-dmp-docs/it/giugno-2022/normativa-di-riferimento.html?highlight=licenze,2,1,00:00:04,0,"0,00%","0,00%","0,00 €"
/italia/icdp/icdp-pnd-dmp-docs/it/giugno-2022/scheda-progetto/aspetti-etici-e-legali.html?highlight=copyright,2,1,00:00:19,0,"0,00%","0,00%","0,00 €"
/italia/icdp/icdp-pnd-dmp-docs/it/giugno-2022/scheda-progetto/aspetti-etici-e-legali.html?highlight=licenza,2,1,00:00:06,0,"0,00%","0,00%","0,00 €"
/italia/icdp/icdp-pnd-dmp-docs/it/giugno-2022/scheda-progetto/open-data.html?highlight=Linee guida Open Data,2,1,00:00:02,0,"0,00%","50,00%","0,00 €"
/italia/icdp/icdp-pnd-dmp-docs/it/giugno-2022/search.html?check_keywords=yes&area=default&q=copyright,2,1,00:00:02,0,"0,00%","0,00%","0,00 €"
/italia/icdp/icdp-pnd-dmp-docs/it/giugno-2022/search.html?check_keywords=yes&area=default&q=licenze+d'uso,2,1,00:00:07,1,"0,00%","0,00%","0,00 €"
/italia/icdp/icdp-pnd-dmp-docs/it/giugno2022/crediti.html,2,1,00:00:07,0,"0,00%","0,00%","0,00 €"
/italia/icdp/icdp-pnd-dmp-docs/it/giugno2022/il-dmp-nel-piano-nazionale-di-digitalizzazione.html?highlight=Icdp,2,1,00:00:01,0,"0,00%","0,00%","0,00 €"
/italia/icdp/icdp-pnd-docs/it/bozza/contesto-di-riferimento.html,2,1,00:00:03,0,"0,00%","0,00%","0,00 €"
/italia/icdp/icdp-pnd-docs/it/bozza/linee-guida-per-i-processi-di-digitalizzazione/introduzione-alla-metodologia-per-la-valutazione-della-maturità-digitale-degli-istituti-culturali.html,2,1,00:01:14,0,"0,00%","0,00%","0,00 €"
/italia/icdp/icdp-pnd-docs/it/bozza/linee-guida-per-i-processi-di-digitalizzazione/linee-guida-per-la-classificazione-di-prodotti-e-servizi-digitali-processi-e-modelli-di-gestione.html,2,1,00:00:01,0,"0,00%","0,00%","0,00 €"
/italia/icdp/icdp-pnd-docs/it/bozza/linee-guida-per-i-processi-di-digitalizzazione/linee-guida-per-la-digitalizzazione-del-patrimonio-culturale.html,2,1,00:00:00,0,"0,00%","50,00%","0,00 €"
/italia/icdp/icdp-pnd-docs/it/bozza/scopo-del-piano-e-destinatari.html,2,1,00:00:04,0,"0,00%","0,00%","0,00 €"
/italia/icdp/icdp-pnd-docs/it/bozza/strategie-2022-2026/tecnologie.html,2,2,00:00:00,1,"100,00%","100,00%","0,00 €"
/italia/icdp/icdp-pnd-docs/it/bozza/struttura-del-documento.html,2,1,00:00:02,0,"0,00%","0,00%","0,00 €"
/italia/icdp/icdp-pnd-docs/it/bozza/visione.html,2,1,00:00:04,0,"0,00%","0,00%","0,00 €"
/italia/icdp/icdp-pnd-docs/it/bozza/visione/opportunita.html,2,1,00:00:05,0,"0,00%","0,00%","0,00 €"
/italia/icdp/icdp-pnd-docs/it/consultazione/search.html?check_keywords=yes&area=default&q=documentale,2,1,00:00:06,0,"0,00%","0,00%","0,00 €"
/italia/icdp/icdp-pnd-docs/it/consultazione/search.html?check_keywords=yes&area=default&q=ecosistema,2,1,00:00:54,0,"0,00%","0,00%","0,00 €"
/italia/icdp/icdp-pnd-docs/it/consultazione/search.html?check_keywords=yes&area=default&q=metadato,2,1,00:00:30,0,"0,00%","0,00%","0,00 €"
/italia/icdp/icdp-pnd-docs/it/consultazione/search.html?check_keywords=yes&area=default&q=pnrr,2,1,00:00:06,0,"0,00%","0,00%","0,00 €"
/italia/icdp/icdp-pnd-docs/it/consultazione/search.html?check_keywords=yes&area=default&q=regioni,2,1,00:00:05,0,"0,00%","0,00%","0,00 €"
/italia/icdp/icdp-pnd-docs/it/consultazione/strategie-2022-2026/persone.html?highlight=1000 esperti,2,1,00:00:29,0,"0,00%","0,00%","0,00 €"
/italia/icdp/icdp-pnd-docs/it/giugno-2022/linee-guida/classificazione-prodotti-servizi-digitali-processi-e-modelli-di-gestione.html?highlight=classificazione,2,1,00:00:04,0,"0,00%","0,00%","0,00 €"
/italia/icdp/icdp-pnd-docs/it/giugno-2022/search.html?check_keywords=yes&area=default&q=centri+di+accompagnamento,2,1,00:00:02,0,"0,00%","0,00%","0,00 €"
/italia/icdp/icdp-pnd-docs/it/giugno-2022/search.html?check_keywords=yes&area=default&q=document,2,1,00:00:04,0,"0,00%","0,00%","0,00 €"
/italia/icdp/icdp-pnd-docs/it/giugno-2022/search.html?check_keywords=yes&area=default&q=periodic,2,1,00:00:00,0,"0,00%","50,00%","0,00 €"
/italia/icdp/icdp-pnd-docs/it/giugno-2022/search.html?check_keywords=yes&area=default&q=scanner,2,1,00:00:03,0,"0,00%","0,00%","0,00 €"
/italia/icdp/icdp-pnd-docs/it/giugno-2022/strategia/persone.html?highlight=centri accompagnamento,2,1,00:00:00,0,"0,00%","50,00%","0,00 €"
/italia/icdp/icdp-pnd-docs/it/giugno2022/linee-guida/acquisizione-circolazione-riuso.html,2,1,00:00:10,0,"0,00%","0,00%","0,00 €"
/italia/icdp/icdp-pnd-docs/it/giugno2022/linee-guida/classificazione-prodotti-servizi-digitali-processi-e-modelli-di-gestione.html,2,1,00:00:26,0,"0,00%","0,00%","0,00 €"
/italia/icdp/icdp-pnd-docs/it/giugno2022/linee-guida/introduzione-alla-metodologia-maturita-digitale.html,2,1,00:00:00,0,"0,00%","50,00%","0,00 €"
/italia/icdp/icdp-pnd-maturita-docs/it/bozza/index.html,2,1,00:00:33,0,"0,00%","0,00%","0,00 €"
/italia/icdp/icdp-pnd-maturita-docs/it/giugno-2022/crediti.html,2,1,00:00:13,0,"0,00%","0,00%","0,00 €"
/italia/icdp/icdp-pnd-maturita-docs/it/giugno2022/applicazione-dei-modelli-al-patrimonio-culturale-pubblico.html,2,1,00:00:04,0,"0,00%","0,00%","0,00 €"
/italia/icdp/icdp-pnd-maturita-docs/it/giugno2022/premessa.html,2,1,00:00:59,0,"0,00%","0,00%","0,00 €"
/italia/icdp/icdp-pnd-servizi-docs/it/bozza/introduzione.html,2,1,00:00:05,0,"0,00%","0,00%","0,00 €"
/italia/icdp/icdp-pnd-servizi-docs/it/bozza/possibili-modelli-di-gestione/processo-4-user-journey-nei-luoghi-della-cultura-1.html,2,1,00:00:07,0,"0,00%","0,00%","0,00 €"
/italia/icdp/icdp-pnd-servizi-docs/it/giugno-2022/appendice-i---selezione-di-esempi.html,2,1,00:00:00,0,"0,00%","50,00%","0,00 €"
/italia/icdp/icdp-pnd-servizi-docs/it/giugno2022/la-definizione-di-prodotti-e-servizi-digitali.html,2,1,00:00:11,0,"0,00%","0,00%","0,00 €"
/italia/icdp/icdp-pnd-servizi-docs/it/giugno2022/la-definizione-di-prodotti-e-servizi-digitali/prodotti-servizi-valore-aggiunto.html,2,1,00:00:00,0,"0,00%","50,00%","0,00 €"
/italia/icdp/icdp-pnd-servizi-docs/it/giugno2022/la-definizione-di-prodotti-e-servizi-digitali/servizi-digitali-di-consumo.html,2,1,00:00:03,0,"0,00%","0,00%","0,00 €"
/italia/icdp/icdp-pnd-servizi-docs/it/giugno2022/la-definizione-di-prodotti-e-servizi-digitali/servizi-digitali-per-la-creazione-di-contenuti.html,2,1,00:00:13,0,"0,00%","0,00%","0,00 €"
/italia/icdp/icdp-pnd-servizi-docs/it/giugno2022/lanalisi-dei-processi-end-to-end/processo-1-i-luoghi-della-cultura-mettono-a-disposizione-degli-utenti-contenuti-digitali-per-la-consultazione-e-la-navigazione.html,2,1,00:00:37,0,"0,00%","0,00%","0,00 €"
/italia/icdp/icdp-pnd-servizi-docs/it/giugno2022/lanalisi-dei-processi-end-to-end/processo-2-i-luoghi-della-cultura-mettono-a-disposizione-degli-utenti-contenuti-digitali-per-creare-nuovi-e-ulteriori-contenuti.html,2,1,00:00:00,0,"0,00%","50,00%","0,00 €"
/italia/icdp/icdp-pnd-servizi-docs/it/giugno2022/lanalisi-dei-processi-end-to-end/processo-3-i-luoghi-della-cultura-eo-gli-utenti-utilizzano-i-contenuti-digitali-rielaborati-con-un-valore-aggiunto-per-finalità-espositive-educative-editoriali-e-commerciali.html,2,1,00:00:00,0,"0,00%","50,00%","0,00 €"
/italia/icdp/icdp-pnd-servizi-docs/it/giugno2022/possibili-modelli-di-gestione.html,2,1,00:00:12,0,"0,00%","0,00%","0,00 €"
/italia/icdp/icdp-pnd-servizi-docs/it/giugno2022/possibili-modelli-di-gestione/processo-3-prodotti-e-servizi-a-valore-aggiunto---modello-a-valorizzazione-economica.html,2,1,00:00:27,0,"0,00%","0,00%","0,00 €"
/search/?q=Trybkr88e17z3601&type=file&publisher_project=icdp,2,1,00:00:19,0,"0,00%","0,00%","0,00 €"
/dashboard/icdp-pnd-docs/version/bozza/,1,1,00:00:10,0,"0,00%","0,00%","0,00 €"
/icdp/pnd/,1,1,00:00:06,0,"0,00%","0,00%","0,00 €"
/italia/icdp/?fbclid=IwAR3CiCgQSoUvT3r_1h-HMg-D09k163ztxW4G-zwN_CsQ0A6UBxZ2hS9aMhA,1,1,00:00:00,0,"0,00%","100,00%","0,00 €"
/italia/icdp/icdp-pnd-circolazione-riuso-docs/it/giugno2022/modalita-di-pubblicazione-online-delle-riproduzioni-digitali-e-scelta-delle-licenze-duso-da-adottare/licenze-e-termini-duso.html?highlight=bcs,1,1,00:00:11,0,"0,00%","0,00%","0,00 €"
/italia/icdp/icdp-pnd-circolazione-riuso-docs/it/giugno2022/search.html?check_keywords=yes&area=default&q=BCS,1,1,00:00:04,0,"0,00%","0,00%","0,00 €"
/italia/icdp/icdp-pnd-digitalizzazione-docs/it/consultazione/search.html?check_keywords=yes&area=default&q=open+data,1,1,00:00:53,0,"0,00%","0,00%","0,00 €"
/italia/icdp/icdp-pnd-digitalizzazione-docs/it/giugno-2022/appendici/glossario.html,1,1,00:00:00,0,"0,00%","100,00%","0,00 €"
/italia/icdp/icdp-pnd-digitalizzazione-docs/it/giugno-2022/index.html?highlight=piano nazionale di digitalizzazione,1,1,00:00:00,1,"100,00%","100,00%","0,00 €"
/italia/icdp/icdp-pnd-digitalizzazione-docs/it/giugno-2022/metadati/metadati-descrittivi.html?highlight=ICCD,1,1,00:00:00,1,"100,00%","100,00%","0,00 €"
/italia/icdp/icdp-pnd-dmp-docs/it/giugno-2022/allegato-faq-per-la-pubblicazione-dei-dati-aperti.html?highlight=paniere,1,1,00:00:00,1,"100,00%","100,00%","0,00 €"
/italia/icdp/icdp-pnd-dmp-docs/it/giugno-2022/il-dmp-nel-piano-nazionale-di-digitalizzazione.html?highlight=icdp,1,1,00:01:43,1,"0,00%","0,00%","0,00 €"
/italia/icdp/icdp-pnd-docs/it/bozza/linee-guida-per-i-processi-di-digitalizzazione/linee-guida-per-la-digitalizzazione-del-patrimonio-culturale.html?highlight=Patrimonio culturale,1,1,00:00:00,1,"100,00%","100,00%","0,00 €"
/italia/icdp/icdp-pnd-docs/it/consultazione/bibliografia.html?highlight=floridia,1,1,00:00:27,0,"0,00%","0,00%","0,00 €"
/italia/icdp/icdp-pnd-docs/it/consultazione/linee-guida-per-i-processi-di-digitalizzazione.html?highlight=allegati,1,1,00:00:43,0,"0,00%","0,00%","0,00 €"
/italia/icdp/icdp-pnd-docs/it/consultazione/linee-guida-per-i-processi-di-digitalizzazione.html?highlight=linee guida digitalizzazione patrimonio culturale,1,1,00:00:13,0,"0,00%","0,00%","0,00 €"
/italia/icdp/icdp-pnd-docs/it/consultazione/linee-guida-per-i-processi-di-digitalizzazione.html?highlight=pnd,1,1,00:00:13,1,"0,00%","0,00%","0,00 €"
/italia/icdp/icdp-pnd-docs/it/consultazione/linee-guida-per-i-processi-di-digitalizzazione/linee-guida-per-la-classificazione-di-prodotti-e-servizi-digitali-processi-e-modelli-di-gestione.html?highlight=tassonomia,1,1,00:00:05,0,"0,00%","0,00%","0,00 €"
/italia/icdp/icdp-pnd-docs/it/consultazione/search.html?check_keywords=yes&area=default&q=allegati,1,1,00:00:18,0,"0,00%","0,00%","0,00 €"
/italia/icdp/icdp-pnd-docs/it/consultazione/search.html?check_keywords=yes&area=default&q=floridia,1,1,00:00:18,0,"0,00%","0,00%","0,00 €"
/italia/icdp/icdp-pnd-docs/it/consultazione/search.html?check_keywords=yes&area=default&q=icar,1,1,00:00:00,0,"0,00%","100,00%","0,00 €"
/italia/icdp/icdp-pnd-docs/it/consultazione/search.html?check_keywords=yes&area=default&q=linee+guida+per+la+digitalizzazione+del+patrimonio+culturale.,1,1,00:00:19,0,"0,00%","0,00%","0,00 €"
/italia/icdp/icdp-pnd-docs/it/consultazione/search.html?check_keywords=yes&area=default&q=Wikimedia,1,1,00:00:08,0,"0,00%","0,00%","0,00 €"
/italia/icdp/icdp-pnd-docs/it/consultazione/strategie-2022-2026.html?highlight=Atto di matrimonio n. 11 Comune di registrazione: SANNAZZARO DE' BURGONDI (PV) Serie: C Parte: II Anno: 2022 Ufficio/Municipio: 1,1,1,00:00:17,0,"0,00%","0,00%","0,00 €"
/italia/icdp/icdp-pnd-docs/it/giugno-2022/parole-chiave.html?highlight=5468a17ff8d60a7a0715719ie49edf49,1,1,00:00:13,0,"0,00%","0,00%","0,00 €"
/italia/icdp/icdp-pnd-docs/it/giugno-2022/search.html?check_keywords=yes&area=default&q=digital+library,1,1,00:17:19,0,"0,00%","0,00%","0,00 €"
/italia/icdp/icdp-pnd-docs/it/giugno-2022/search.html?check_keywords=yes&area=default&q=sostenibilità,1,1,00:00:25,0,"0,00%","0,00%","0,00 €"
/italia/icdp/icdp-pnd-docs/it/giugno-2022/strategia/tecnologie_abilitanti.html?highlight=sostenibilità,1,1,00:09:19,0,"0,00%","0,00%","0,00 €"
/italia/icdp/icdp-pnd-maturita-docs/it/giugno2022/conclusioni.html,1,1,00:00:08,0,"0,00%","0,00%","0,00 €"
/pnd/icdp/,1,1,00:00:00,0,"0,00%","100,00%","0,00 €"
/projects/icdp-pnd-docs/builds/6748/,1,1,00:00:25,0,"0,00%","0,00%","0,00 €"
/search/?q=clio+srl&type=file&version=&publisher_project=icdp,1,1,00:00:02,0,"0,00%","0,00%","0,00 €"
/search/?q=Icdp&type=file,1,1,00:00:09,1,"0,00%","0,00%","0,00 €"
/search/?q=mic&type=file&publisher_project=icdp,1,1,00:00:00,0,"0,00%","100,00%","0,00 €"
/search/?q=PND&type=file&publisher_project=icdp,1,1,00:00:02,0,"0,00%","0,00%","0,00 €"
/search/?q=Pnd+mic&type=file&publisher_project=icdp,1,1,00:00:22,0,"0,00%","0,00%","0,00 €"
/wipe/icdp-pnd-docs/bozza/,1,1,00:00:04,0,"0,00%","0,00%","0,00 €"
,21139,9746,00:00:50,2469,"21,18%","11,64%","0,00 €"
,,,,,,,
Mese,Visualizzazioni di pagina,,,,,,
0,0,,,,,,
1,2526,,,,,,
2,8426,,,,,,
3,10187,,,,,,
,21139,,,,,,
